exclusion_id,note_bucket,claim_ch99_heading,source_heading,item_number,hts_constraints,description_scope_text,scope_text_hash,effective_start,effective_end,verification_required
vvvi-001,20(vvv)(i),9903.88.69,9903.88.01,1,"{""hts10_exact"": [""8483509040""], ""hts8_prefix"": [""84835090""]}",Products described in statistical reporting number 8483.50.9040,5ec2e13c14f8e11dcdf042ce4f551935e1e90a1b75a8169688104922b4d8507f,2025-11-30,2026-11-11,True
vvvi-002,20(vvv)(i),9903.88.69,9903.88.01,2,"{""hts10_exact"": [""8607211000""], ""hts8_prefix"": [""86072110""]}",Products described in statistical reporting number 8607.21.1000,9641971989d33cc02410018593bd58dd43e6c21cc79a5c26848e45b1fe8f5da3,2025-11-30,2026-11-11,True
vvvi-003,20(vvv)(i),9903.88.69,9903.88.01,3,"{""hts10_exact"": [""9030904600""], ""hts8_prefix"": [""90309046""]}",Products described in statistical reporting number 9030.90.4600,7fdf63eb3b139449afcd50120d802bdbb4d55e5a9f71e6b72bcfd0cd42d04096,2025-11-30,2026-11-11,True
vvvi-004,20(vvv)(i),9903.88.69,9903.88.01,4,"{""hts10_exact"": [""8413919080"", ""8413919085"", ""8413919095"", ""8413919096""], ""hts8_prefix"": [""84139190""]}","Pump casings and bodies (described in statistical reporting number 8413.91.9080 prior to January 1, 2019; described in statistical reporting number 8413.91.9095 effective January 1, 2019 through December 31, 2019; described in statistical reporting number 8413.91.9085 or 8413.91.9096 effective January 1, 2020)",f47d3d9043cc7289d56db3cafa7d11b55677a10e6221f29523c02266f3155360,2025-11-30,2026-11-11,True
vvvi-005,20(vvv)(i),9903.88.69,9903.88.01,5,"{""hts10_exact"": [""8413919080"", ""8413919085"", ""8413919095"", ""8413919096""], ""hts8_prefix"": [""84139190""]}","Pump covers (described in statistical reporting number 8413.91.9080 prior to January 1, 2019; described in statistical reporting number 8413.91.9095 effective January 1, 2019 through December 31, 2019; described in statistical reporting number 8413.91.9085 or 8413.91.9096 effective January 1, 2020)",dc36caef04a8e696bc4b8bedb00dae988fa189fb246615887d9a1c36a68588f9,2025-11-30,2026-11-11,True
vvvi-006,20(vvv)(i),9903.88.69,9903.88.01,6,"{""hts10_exact"": [""8413919080"", ""8413919085"", ""8413919095"", ""8413919096""], ""hts8_prefix"": [""84139190""]}","Pump parts, of plastics, each valued not over $3 (described in statistical reporting number 8413.91.9080 prior to January 1, 2019; described in statistical reporting number 8413.91.9095 effective January 1, 2019 through December 31, 2019; described in statistical reporting number 8413.91.9085 or 8413.91.9096 effective January 1, 2020)",1f9a449a54b9ddae2fe53f5f8c46872bc6ddc4dd07c9fc0249ca25e122ef8cb2,2025-11-30,2026-11-11,True
vvvi-007,20(vvv)(i),9903.88.69,9903.88.01,7,"{""hts10_exact"": [""8414308030""], ""hts8_prefix"": [""84143080""]}","Compressors, other than screw type, used in air conditioning equipment in motor vehicles, each valued over $88 but not over $92 per unit (described in statistical reporting number 8414.30.8030)",e74c0a6839ffcfd01c402f62051a7b594570fe7429c9a2a0ae8c69dff5db1d52,2025-11-30,2026-11-11,True
vvvi-008,20(vvv)(i),9903.88.69,9903.88.01,8,"{""hts10_exact"": [""8414308060""], ""hts8_prefix"": [""84143080""]}","Rotary compressors, each exceeding 746 W but not exceeding 2,238 W, with a cooling capacity ranging from 2.3 kW to 5.5 kW (described in statistical reporting number 8414.30.8060)",f4578b424a7c9a76151753080859293de845b360125067f78f6c4d0c4cb1c90c,2025-11-30,2026-11-11,True
vvvi-009,20(vvv)(i),9903.88.69,9903.88.01,9,"{""hts10_exact"": [""8419903000""], ""hts8_prefix"": [""84199030""]}","Heat exchanger plates, cores, finned tubes, cones, shells, bonnets, flanges and baffles (described in statistical reporting number 8419.90.3000)",2671c0537f91309d2331bd6ec11f283cc76e67563ec4700d357dac603a9b2578,2025-11-30,2026-11-11,True
vvvi-010,20(vvv)(i),9903.88.69,9903.88.01,10,"{""hts10_exact"": [""8420999000""], ""hts8_prefix"": [""84209990""]}","Chemically etched dies of steel, steel-rule cutting dies, movable magnetic dies, embossing folders and plastic embossing diffusers, of a kind used in manually-powered roller machines for etching or stenciling a single sheet of cardstock, paper, leather, flexible magnet, plastics, metallic foil, vellum, felt or fabric, such sheets measuring not more than 50.8 cm in width or length (described in statistical reporting number 8420.99.9000)",f47f73d8f42e2b9d77cd5f2e45cb6d569ecaf8756f87c6ae4f1b9a9b19c535e3,2025-11-30,2026-11-11,True
vvvi-011,20(vvv)(i),9903.88.69,9903.88.01,11,"{""hts10_exact"": [""8420999000""], ""hts8_prefix"": [""84209990""]}","Cutting pads, platforms, base plates, pads, shims, trays, which function as guides for hand-operated table-top calendering machines of a width not exceeding 51 cm (described in statistical reporting number 8420.99.9000)",27e82459204c66462a8800a42bce4d694649dae2078dc905c6dbb8f0c4381c4a,2025-11-30,2026-11-11,True
vvvi-012,20(vvv)(i),9903.88.69,9903.88.01,12,"{""hts10_exact"": [""8421210000""], ""hts8_prefix"": [""84212100""]}","Machinery for filtering water, submersible, powered by batteries, manually operated, such machinery designed for use in pools, basins, aquariums, spas or similar contained bodies of water (described in statistical reporting number 8421.21.0000)",54e4e2631a0df0c6cfabd59bd6fd65189be0bf2b30085bd311b7123e284e3367,2025-11-30,2026-11-11,True
vvvi-013,20(vvv)(i),9903.88.69,9903.88.01,13,"{""hts10_exact"": [""8421390115"", ""8421398015""], ""hts8_prefix"": [""84213901"", ""84213980""]}","Air purification equipment, electrically powered, weighing less than 36 kg (described in statistical reporting number 8421.39.8015 prior to January 27, 2022; described in statistical reporting number 8421.39.0115 effective January 27, 2022)",450f1fb9edaab0468a68bfb3636763dd6fd36b6b25449f1b101e0dad490e8e2e,2025-11-30,2026-11-11,True
vvvi-014,20(vvv)(i),9903.88.69,9903.88.01,14,"{""hts10_exact"": [""8421390190"", ""8421398090""], ""hts8_prefix"": [""84213901"", ""84213980""]}","Disposable plastic filters of a kind suitable for filtering and dehumidifying a patient's breath in a medical device such as a gas analyzer (described in statistical reporting number 8421.39.8090 prior to January 27, 2022; described in statistical reporting number 8421.39.0190 effective January 27, 2022)",3a665abc01d48126424b616c9c8245c882391c196928eb9f3713e7fc7c0b6688,2025-11-30,2026-11-11,True
vvvi-015,20(vvv)(i),9903.88.69,9903.88.01,15,"{""hts10_exact"": [""8421990040"", ""8421990140""], ""hts8_prefix"": [""84219900"", ""84219901""]}","Filter housings, covers, or couplings, the foregoing of steel and comprising parts of machinery or apparatus for filtering liquids (described in statistical reporting number 8421.99.0040 prior to January 27, 2022; described in statistical reporting number 8421.99.0140 effective January 27, 2022)",a939835e501deb217ad16108610a59c73d3f9319a6b8ad2a9bb324ea83610df3,2025-11-30,2026-11-11,True
vvvi-016,20(vvv)(i),9903.88.69,9903.88.01,16,"{""hts10_exact"": [""8431200000""], ""hts8_prefix"": [""84312000""]}",Counterweight castings of iron or steel designed for use on fork lift and other works trucks (described in statistical reporting number 8431.20.0000),24cacbdb44cd268516c0bb3e0ecbd192dd838043b2beb179a183dc1b539c63b7,2025-11-30,2026-11-11,True
vvvi-017,20(vvv)(i),9903.88.69,9903.88.01,17,"{""hts10_exact"": [""8431200000""], ""hts8_prefix"": [""84312000""]}","Tines, carriages, and other goods handling apparatus and parts designed for use on fork lift and other works trucks (described in statistical reporting number 8431.20.0000)",7079f24bf51a9b02b31d65d9f22770a855faac23a3c75d9c1b9ec346a3eaa570,2025-11-30,2026-11-11,True
vvvi-018,20(vvv)(i),9903.88.69,9903.88.01,18,"{""hts10_exact"": [""8436800090""], ""hts8_prefix"": [""84368000""]}",Animal feeding machinery (described in statistical reporting number 8436.80.0090),61c4d8947a65061f66aee6175ebc88fc66a66d40aa85cc92a774250d4b56cc15,2025-11-30,2026-11-11,True
vvvi-019,20(vvv)(i),9903.88.69,9903.88.01,19,"{""hts10_exact"": [""8436990090""], ""hts8_prefix"": [""84369900""]}",Parts of animal feeding machinery (described in statistical reporting number 8436.99.0090),fbc0beb252021c9853fc27bc45d7bde5cd64838ef975787ba74fad8caf6440ab,2025-11-30,2026-11-11,True
vvvi-020,20(vvv)(i),9903.88.69,9903.88.01,20,"{""hts10_exact"": [""8479909496"", ""8479909596""], ""hts8_prefix"": [""84799094"", ""84799095""]}","Reject doors, pin protectors, liners, front walls, grates, hammers, rotor and end disc caps, and anvil and breaker bars, of iron or steel, the foregoing parts of metal shredders (described in statistical reporting number 8479.90.9496 prior to January 27, 2022; described in statistical reporting number 8479.90.9596 effective January 27, 2022)",7c1191cc0f803e500e91f87ec1b25618f664376b6d661154a01b3da272c1beec,2025-11-30,2026-11-11,True
vvvi-021,20(vvv)(i),9903.88.69,9903.88.01,21,"{""hts10_exact"": [""8481909020""], ""hts8_prefix"": [""84819090""]}","Ball type angle cock valve bodies, of cast iron, for oleohydraulic or pneumatic transmissions (described in statistical reporting number 8481.90.9020)",12686c92442014e9e6da03d3c8e701c3879c7d34ebddafaa8a4f5ed9ea39f298,2025-11-30,2026-11-11,True
vvvi-022,20(vvv)(i),9903.88.69,9903.88.01,22,"{""hts10_exact"": [""8481909020""], ""hts8_prefix"": [""84819090""]}","Valve bodies, of aluminum, of valves for oleohydraulic or pneumatic transmissions (described in statistical reporting number 8481.90.9020)",9a0592cab08f0d2077716d1b438b44673bfc9623aca3e570e7beffe013637cdc,2025-11-30,2026-11-11,True
vvvi-023,20(vvv)(i),9903.88.69,9903.88.01,23,"{""hts10_exact"": [""8481909040""], ""hts8_prefix"": [""84819090""]}","Angle cock handle assemblies, of iron and steel, each measuring 11.43 cm by 21.59 cm by 5.08 cm and weighing 0.748 kg (described in statistical reporting number 8481.90.9040)",7c6ced35d8c36aeb62912a76686fc42366c1a01b4caf85b9d7e5122d7029f3d7,2025-11-30,2026-11-11,True
vvvi-024,20(vvv)(i),9903.88.69,9903.88.01,24,"{""hts10_exact"": [""8481909040""], ""hts8_prefix"": [""84819090""]}","Pipe brackets of aluminum, each with 4 ports, the foregoing measuring 27.9 cm x 20.3 cm x 17.8 cm and weighing 11.34 kg, designed for installation into air brake control valves (described in statistical reporting number 8481.90.9040)",eb482fa17cc1ef535f76c4f78995d7c57f1c21cf56a421a01b8038657e3ff791,2025-11-30,2026-11-11,True
vvvi-025,20(vvv)(i),9903.88.69,9903.88.01,25,"{""hts10_exact"": [""8501104020""], ""hts8_prefix"": [""85011040""]}","Electric motors, AC, permanent split capacitor type, not exceeding 16 W (described in statistical reporting number 8501.10.4020)",be3319710f870a36a7e39a9b428ea041a1aa0ae0b3bcbd85926a86aba4ba9059,2025-11-30,2026-11-11,True
vvvi-026,20(vvv)(i),9903.88.69,9903.88.01,26,"{""hts10_exact"": [""8501104060""], ""hts8_prefix"": [""85011040""]}","DC electric motors, of an output of less than 18.65 W, other than brushless, measuring less than 38 mm in diameter (described in statistical reporting number 8501.10.4060)",9513ac9d4f6541ed0099dfdb7a532bebc9c04423e013be1e88660cf9646a3eb2,2025-11-30,2026-11-11,True
vvvi-027,20(vvv)(i),9903.88.69,9903.88.01,27,"{""hts10_exact"": [""8501312000""], ""hts8_prefix"": [""85013120""]}","DC motors, of an output exceeding 37.5 W but not exceeding 74.6 W, valued over $2 but not over $30 each (described in statistical reporting number 8501.31.2000)",2723ec2c93cc73e2d54b0fa97f4eec92df555b8bcc7c4ff8babcce38d7058f40,2025-11-30,2026-11-11,True
vvvi-028,20(vvv)(i),9903.88.69,9903.88.01,28,"{""hts10_exact"": [""8501514040""], ""hts8_prefix"": [""85015140""]}","AC motors, multi-phase, of rolled steel frame construction (described in statistical reporting number 8501.51.4040)",2886fea7a0f7f1fd2f8b25df53aed8095e5bf170c7b1a2a2a8539dd0ec19343d,2025-11-30,2026-11-11,True
vvvi-029,20(vvv)(i),9903.88.69,9903.88.01,29,"{""hts10_exact"": [""8501538040""], ""hts8_prefix"": [""85015380""]}","AC motors, multi-phase, of an output of 186.5 kW or more but not exceeding 373 kW, having a cast iron frame construction (described in statistical reporting number 8501.53.8040)",3ad0209b0c866d6596b19047d8e38b86fcd9bbe85c089caacd8e47d147327e8d,2025-11-30,2026-11-11,True
vvvi-030,20(vvv)(i),9903.88.69,9903.88.01,30,"{""hts10_exact"": [""8504907500""], ""hts8_prefix"": [""85049075""]}","Dual layer printed circuit board assemblies, each valued over $30 but not over $35 (described in statistical reporting number 8504.90.7500)",462ed8ad9467ffaff0ef1b99172e69b8ce0bc8208ea1069fcab29e8f5bf86e83,2025-11-30,2026-11-11,True
vvvi-031,20(vvv)(i),9903.88.69,9903.88.01,31,"{""hts10_exact"": [""8536904000""], ""hts8_prefix"": [""85369040""]}","Ring terminals, for a voltage not exceeding 1,000 V (described in statistical reporting number 8536.90.4000)",d7951568d9af2ab84b199d346b94507f6263755b4090692c4ddcf229bef12e1b,2025-11-30,2026-11-11,True
vvvi-032,20(vvv)(i),9903.88.69,9903.88.01,32,"{""hts10_exact"": [""9015808080""], ""hts8_prefix"": [""90158080""]}","Weather station sets, each consisting of a monitoring display and outdoor weather sensors, having a transmission range of not over 140 m and valued not over $50 per set (described in statistical reporting number 9015.80.8080)",d47a6cf24dcb67a0ced0147fbfc17a472a6e753d8555e468f15c2351b30bc19d,2025-11-30,2026-11-11,True
vvvi-033,20(vvv)(i),9903.88.69,9903.88.01,33,"{""hts10_exact"": [""9018119000""], ""hts8_prefix"": [""90181190""]}",Disposable electrocardiograph (ECG) electrodes (described in statistical reporting number 9018.11.9000),68a93956b51cca78afd482719706966c1b434f67c52eafd217aa741137df9563,2025-11-30,2026-11-11,True
vvvi-034,20(vvv)(i),9903.88.69,9903.88.01,34,"{""hts10_exact"": [""9018120000""], ""hts8_prefix"": [""90181200""]}","Ultrasonic scanning apparatus, each having dimensions not exceeding 122 cm by 77 cm by 127 cm, whether or not presented with transducer (described in statistical reporting number 9018.12.0000)",4bc1425fbff28da12a9d35d5e5d5a6a1fa3d153c68a446d875111b68a7ad4943,2025-11-30,2026-11-11,True
vvvi-035,20(vvv)(i),9903.88.69,9903.88.01,35,"{""hts10_exact"": [""9018199530""], ""hts8_prefix"": [""90181995""]}",Blood pressure monitors suitable for use by medical professionals (described in statistical reporting number 9018.19.9530),59680ebe2f4b899862ca2055d328d246099db4c8e0ed928bfec384905ed6bc38,2025-11-30,2026-11-11,True
vvvi-036,20(vvv)(i),9903.88.69,9903.88.01,36,"{""hts10_exact"": [""9018199550""], ""hts8_prefix"": [""90181995""]}",Digital peak flow meters suitable for use by medical professionals (described in statistical reporting number 9018.19.9550),a4b969a0d7661e00199569b172b2e301adf11ce6450a9787a2fe3322c70932b5,2025-11-30,2026-11-11,True
vvvi-037,20(vvv)(i),9903.88.69,9903.88.01,37,"{""hts10_exact"": [""9018199550""], ""hts8_prefix"": [""90181995""]}",Fingertip pulse oximeters suitable for use by medical professionals (described in statistical reporting number 9018.19.9550),85d3cfd734e0cc95968e9063a9def0fcac39a772643556666bdbb9ef69cc1ffc,2025-11-30,2026-11-11,True
vvvi-038,20(vvv)(i),9903.88.69,9903.88.01,38,"{""hts10_exact"": [""9018199560""], ""hts8_prefix"": [""90181995""]}","Disposable surface electrodes for Intra-operative neuromonitoring (""IONM"") systems, each composed of a surface electrode pad, an insulated wire, and a standard DIN 42802 connector (described in statistical reporting number 9018.19.9560)",75ffcdd9688222a3df26c28251c81643bb761291f74f71a93de567c39cefd45c,2025-11-30,2026-11-11,True
vvvi-039,20(vvv)(i),9903.88.69,9903.88.01,39,"{""hts10_exact"": [""9018199560""], ""hts8_prefix"": [""90181995""]}",Parts and accessories of capnography monitors (described in statistical reporting number 9018.19.9560),4e83347973a180fa1edd98e90c150f22ea9723c21dbaf60ab1fb3e7954796f70,2025-11-30,2026-11-11,True
vvvi-040,20(vvv)(i),9903.88.69,9903.88.01,40,"{""hts10_exact"": [""9018903000""], ""hts8_prefix"": [""90189030""]}","Anesthetic instruments and appliances suitable for use in medical or surgical sciences, and parts and accessories of the foregoing (described in statistical reporting number 9018.90.3000)",dec18be3742127512249d4b2511b67cb3f67ccceccd4af9eee8b0e2e7e308911,2025-11-30,2026-11-11,True
vvvi-041,20(vvv)(i),9903.88.69,9903.88.01,41,"{""hts10_exact"": [""9018906000""], ""hts8_prefix"": [""90189060""]}",Electrosurgical cautery pencils with electrical connectors (described in statistical reporting number 9018.90.6000),7aea5e1516abd06a2475466f7c456197de1be0bd691693c93a426494f901104b,2025-11-30,2026-11-11,True
vvvi-042,20(vvv)(i),9903.88.69,9903.88.01,42,"{""hts10_exact"": [""9022120000""], ""hts8_prefix"": [""90221200""]}",Combined positron emission tomography/computed tomography (PET/CT) scanners which utilize multiple PET gantries (frames) on a common base (described in statistical reporting number 9022.12.0000),87a459397282c02a5e2a5c9ec40e6a5fa4be3fd2c2ff3b862b45c9eea54f2613,2025-11-30,2026-11-11,True
vvvi-043,20(vvv)(i),9903.88.69,9903.88.01,43,"{""hts10_exact"": [""9022140000""], ""hts8_prefix"": [""90221400""]}","Radiation therapy systems, each encased by steel-based structural shell with gantry cover comprising three pairs of plastics-based panels (described in statistical reporting number 9022.14.0000)",f022558a3b9aad338b74d9c2fc7b6784ddfeab21acf3be49decb2c5561543ecf,2025-11-30,2026-11-11,True
vvvi-044,20(vvv)(i),9903.88.69,9903.88.01,44,"{""hts10_exact"": [""9022904000""], ""hts8_prefix"": [""90229040""]}",X-ray tube housings and parts thereof (described in statistical reporting number 9022.90.4000),bbcce849cb534dbaa0237200c3c0fbe12b7f1556828c85b36d8ac61d08bd1a45,2025-11-30,2026-11-11,True
vvvi-045,20(vvv)(i),9903.88.69,9903.88.01,45,"{""hts10_exact"": [""9022906000""], ""hts8_prefix"": [""90229060""]}",Multi-leaf collimators of radiotherapy systems based on the use of X-ray (described in statistical reporting number 9022.90.6000),f6969f7c55cbbfaf706e0ab558415e1efad21f6aa00605a4453757bed16c23d9,2025-11-30,2026-11-11,True
vvvi-046,20(vvv)(i),9903.88.69,9903.88.01,46,"{""hts10_exact"": [""9022906000""], ""hts8_prefix"": [""90229060""]}","Printed circuit board assemblies, of a kind designed for use in X-ray apparatus (described in statistical reporting number 9022.90.6000)",277f3243f61eeaef19a3234c50f76fda7f0aa64389e013a9118c07c0e67490e2,2025-11-30,2026-11-11,True
vvvi-047,20(vvv)(i),9903.88.69,9903.88.01,47,"{""hts10_exact"": [""9032100030""], ""hts8_prefix"": [""90321000""]}","Thermostats designed for air conditioning or heating systems, not designed to connect to the internet, the foregoing designed for wall mounting (described in statistical reporting number 9032.10.0030)",efa76a190870c696ad2d515cd66a4e23552a2d1b335e29e421ab00aade9a74ad,2025-11-30,2026-11-11,True
vvvii-001,20(vvv)(ii),9903.88.69,9903.88.02,1,"{""hts10_exact"": [""9025198010""], ""hts8_prefix"": [""90251980""]}",Products described in statistical reporting number 9025.19.8010,33a7aa7a1f19ba53689effcb08f0f7af2c46f6e5e8ec1dfa7a78dcfd441ae6eb,2025-11-30,2026-11-11,True
vvvii-002,20(vvv)(ii),9903.88.69,9903.88.02,2,"{""hts10_exact"": [""9025198020""], ""hts8_prefix"": [""90251980""]}",Products described in statistical reporting number 9025.19.8020,039194cb1158e221667ab241344725dce3a422f1f8e3d5e8215409557677e687,2025-11-30,2026-11-11,True
vvvii-003,20(vvv)(ii),9903.88.69,9903.88.02,3,"{""hts10_exact"": [""9025198085""], ""hts8_prefix"": [""90251980""]}",Products described in statistical reporting number 9025.19.8085,08e071dc108accd259b869221cb1a2341670ee6de5db0484091a87c25f8aefd8,2025-11-30,2026-11-11,True
vvvii-004,20(vvv)(ii),9903.88.69,9903.88.02,4,"{""hts10_exact"": [""3906905000""], ""hts8_prefix"": [""39069050""]}","Acrylic acid-2-acrylamido-2-methylpropanesulfonic acid-acrylic ester (AA/AMPS/I-IPA) terpolymers, presented in dry form (described in statistical reporting number 3906.90.5000)",326a03c893d855ff0ad539e149c10819bb3b3da69e4740c606965dc316a25b69,2025-11-30,2026-11-11,True
vvvii-005,20(vvv)(ii),9903.88.69,9903.88.02,5,"{""hts10_exact"": [""3919102055""], ""hts8_prefix"": [""39191020""]}",Rolls of polyethylene film coated with a solvent acrylic adhesive (described in statistical reporting number 3919.10.2055),99af17ddc15a11cdbfe07f882888ee14673581c16b1fd9f4981e9d6c9c6099ef,2025-11-30,2026-11-11,True
vvvii-006,20(vvv)(ii),9903.88.69,9903.88.02,6,"{""hts10_exact"": [""3919905040"", ""3919905060""], ""hts8_prefix"": [""39199050""]}","Polyethylene film, 20.32 to 198.12 cm in width, and 30.5 to 2000.5 min length, coated on one side with solvent acrylic adhesive, clear or in transparent colors, whether or not printed, in rolls (described in statistical reporting number 3919.90.5040 or 3919.90.5060)",18957ab0ff13679ed4ddc9e4c418107999c30753974cde54878f62b56d843637,2025-11-30,2026-11-11,True
vvvii-007,20(vvv)(ii),9903.88.69,9903.88.02,7,"{""hts10_exact"": [""3920620090""], ""hts8_prefix"": [""39206200""]}","Films coated on one or both sides with polyvinylidene chloride (PVdC) or polyvinyl alcohol (PVOH), whether or not having a primer layer between the base and coating; any of the foregoing having a total thickness greater than 0.01 mm but not greater than 0.03 mm (described in statistical reporting number 3920.62.0090)",d8ec07cdc0e4ba2e8991403f77e20d3f2741383c5d69ec1415e8da196bd5f8ec,2025-11-30,2026-11-11,True
vvvii-008,20(vvv)(ii),9903.88.69,9903.88.02,8,"{""hts10_exact"": [""8407909010""], ""hts8_prefix"": [""84079090""]}",Gas (natural or liquid propane (LP)) engines each having a displacement of more than 2 liters but not more than 2.5 liters (described in statistical reporting number 8407.90.9010),b54266592cfdfa51da4176fbb55d8875fb512f391ab1f585162b4f04d7868539,2025-11-30,2026-11-11,True
vvvii-009,20(vvv)(ii),9903.88.69,9903.88.02,9,"{""hts10_exact"": [""8424899000""], ""hts8_prefix"": [""84248990""]}","Dispensers of hand-cleaning or hand-sanitizing solutions, whether employing a manual pump or a proximity-detecting battery-operated pump, each article weighing not more than 3 kg (described in statistical reporting number 8424.89.9000)",1e304d0a6e63b96684f8f529fa00f878359287097459eb2ef5fe5dbc8a7590a8,2025-11-30,2026-11-11,True
vvvii-010,20(vvv)(ii),9903.88.69,9903.88.02,10,"{""hts10_exact"": [""8501106080""], ""hts8_prefix"": [""85011060""]}","Electric motors, with an output of 18.65 W or more but not exceeding 37.5 W, with attached cables, designed for use in adjusting motor vehicle seats (described in statistical reporting number 8501.10.6080)",425f337ba4a16418ba2780004af2c4d184aa05075cb9d76c729323c542e6a8f3,2025-11-30,2026-11-11,True
vvvii-011,20(vvv)(ii),9903.88.69,9903.88.02,11,"{""hts10_exact"": [""8501314000""], ""hts8_prefix"": [""85013140""]}","DC electric motors, 24 V, with an output not exceeding 515 W, measuring not over 95 mm in outside diameter, not over 155 mm in length and with a shaft not over 30 mm in length (described in statistical reporting number 8501.31.4000)",6305d8666e7fa3aab5d089570848683158d7b1367bbeb62d3d23cff8d69ec479,2025-11-30,2026-11-11,True
vvvii-012,20(vvv)(ii),9903.88.69,9903.88.02,12,"{""hts10_exact"": [""8501314000""], ""hts8_prefix"": [""85013140""]}","DC electric motors, with an output exceeding 74.6 W but not exceeding 735 W, containing lead wires and an electrical connector (described in statistical reporting number 8501.31.4000)",3a810386e017dca9542d654ae0667c89b6aab48ae5a25e95070e16e89553f4d5,2025-11-30,2026-11-11,True
vvvii-013,20(vvv)(ii),9903.88.69,9903.88.02,13,"{""hts10_exact"": [""8501314000""], ""hts8_prefix"": [""85013140""]}","DC motors with a power output exceeding 74.6 W but not exceeding 230 W, measuring less than 105 mm in diameter and 50 mm or more but not over 100 mm in length (described in statistical reporting number 8501.31.4000)",207dc68bf299e2ebd74b66bf5304cc6d76d2d6ca3c751780b335f411a3d7614b,2025-11-30,2026-11-11,True
vvvii-014,20(vvv)(ii),9903.88.69,9903.88.02,14,"{""hts10_exact"": [""8501314000""], ""hts8_prefix"": [""85013140""]}","DC motors, of an output exceeding 74.6 W but not exceeding 735 W, each valued not over $18 (described in statistical reporting number 8501.31.4000)",e17d1a1ae0fc0cd00b4a07ccda20e09d9a4d15dc5aed98d081130626db27841e,2025-11-30,2026-11-11,True
vvvii-015,20(vvv)(ii),9903.88.69,9903.88.02,15,"{""hts10_exact"": [""8536308000""], ""hts8_prefix"": [""85363080""]}","Ground Fault Circuit Interrupters (GFCIs), Appliance Leakage Current Interrupters (ALCIs), Leakage Current Detection Interrupters (LCDIs), and Arc Fault Circuit Interrupters (AFCIs) (described in statistical reporting number 8536.30.8000)",605c2abf07cdba9c39ad6caf383a111b297c06f832b02a3432c371aaf593bd9d,2025-11-30,2026-11-11,True
vvvii-016,20(vvv)(ii),9903.88.69,9903.88.02,16,"{""hts10_exact"": [""8536507000""], ""hts8_prefix"": [""85365070""]}",Electronic AC passive infrared (PIR) motion sensing switches (described in statistical reporting number 8536.50.7000),d212385c9c6e0b45bb0780b7e0208b6f32eab7e7aeed636fefc11cf2e6af52d2,2025-11-30,2026-11-11,True
vvvii-017,20(vvv)(ii),9903.88.69,9903.88.02,17,"{""hts10_exact"": [""8543704500""], ""hts8_prefix"": [""85437045""]}","Position or speed sensors for motor vehicle transmission systems, each valued not over $12 (described in statistical reporting number 8543.70.4500)",92332799bb39b21345e777f520524a7c4e14a1a9552f9570de80ddaf75335741,2025-11-30,2026-11-11,True
vvvii-018,20(vvv)(ii),9903.88.69,9903.88.02,18,"{""hts10_exact"": [""8543709860"", ""8543709960""], ""hts8_prefix"": [""85437098"", ""85437099""]}","Apparatus using passive infrared detection sensors designed for turning lights on and off (described in statistical reporting number 8543.70.9960 prior to January 27, 2022; described in statistical reporting number 8543.70.9860 effective January 27, 2022)",7d3b2402e45e9ab1c1e3e60c5ed9231a8e1e35c3381dfa713492899acd3f978d,2025-11-30,2026-11-11,True
vvvii-019,20(vvv)(ii),9903.88.69,9903.88.02,19,"{""hts10_exact"": [""8543709860"", ""8543709960""], ""hts8_prefix"": [""85437098"", ""85437099""]}","Liquid leak detectors (described in statistical reporting number 8543.70.9960 prior to January 27, 2022; described in statistical reporting number 8543.70.9860 effective January 27, 2022)",332bb85e042ace4324aaeea62471166ccc7b132625757d0b6910b36989180ba6,2025-11-30,2026-11-11,True
vvvii-020,20(vvv)(ii),9903.88.69,9903.88.02,20,"{""hts10_exact"": [""8543709860"", ""8543709960""], ""hts8_prefix"": [""85437098"", ""85437099""]}","Robots, programmable, measuring not more than 40 cm high by 22 cm wide by 27 cm deep, incorporating an LCD display, camera and microphone but without ""hands"" (described in statistical reporting number 8543.70.9960 prior to January 27, 2022; described in statistical reporting number 8543.70.9860 effective January 27, 2022)",443d2cecca6deb32e5bd3ee5040259e8707cce6225fa37a90af64826562b5bb5,2025-11-30,2026-11-11,True
vvvii-021,20(vvv)(ii),9903.88.69,9903.88.02,21,"{""hts10_exact"": [""8711100000""], ""hts8_prefix"": [""87111000""]}","Motorcycles (including mopeds), with reciprocating internal combustion piston engine of a cylinder capacity not exceeding 50 cc, valued not over $500 each (described in statistical reporting number 8711.10.0000)",c6aa7b89510fb3815c5e5ada70bf12fc82f99889279fca50771049428733a480,2025-11-30,2026-11-11,True
vvvii-022,20(vvv)(ii),9903.88.69,9903.88.02,22,"{""hts10_exact"": [""9027102000""], ""hts8_prefix"": [""90271020""]}","Portable, wireless enabled, electrical gas monitors (described in statistical reporting number 9027.10.2000)",e28121d0e9743374c02598ed6cc09b98dac78749f8533b3429c3a5f2a3d034e5,2025-11-30,2026-11-11,True
vvviii-001,20(vvv)(iii),9903.88.69,9903.88.03,1,"{""hts10_exact"": [""0304725000""], ""hts8_prefix"": [""03047250""]}",Products described in statistical reporting number 0304.72.5000,9b54b6583fca314096d64b10ed405199f45bd5af0ffb88c27ecdd384afe16e3e,2025-11-30,2026-11-11,True
vvviii-002,20(vvv)(iii),9903.88.69,9903.88.03,2,"{""hts10_exact"": [""0304831015""], ""hts8_prefix"": [""03048310""]}",Products described in statistical reporting number 0304.83.1015,fde4e5506c798a77379d753c2be0b395d380bd49cbd169f717744838205bb15f,2025-11-30,2026-11-11,True
vvviii-003,20(vvv)(iii),9903.88.69,9903.88.03,3,"{""hts10_exact"": [""0304831020""], ""hts8_prefix"": [""03048310""]}",Products described in statistical reporting number 0304.83.1020,d85dcaab9d2e3d6eb2323201f3e56f7c308af7f89b3a936837983b58b71bbf1c,2025-11-30,2026-11-11,True
vvviii-004,20(vvv)(iii),9903.88.69,9903.88.03,4,"{""hts10_exact"": [""0304835015""], ""hts8_prefix"": [""03048350""]}",Products described in statistical reporting number 0304.83.5015,1f19d2e08509bd628ee157ae29568d137865da8bf47bb2ef9f6f8effff67a470,2025-11-30,2026-11-11,True
vvviii-005,20(vvv)(iii),9903.88.69,9903.88.03,5,"{""hts10_exact"": [""0304835020""], ""hts8_prefix"": [""03048350""]}",Products described in statistical reporting number 0304.83.5020,3febbdfe5fb62c1b1ea9a0414daf8d0a4df3449e87766cf617d684bcfd6d1f1c,2025-11-30,2026-11-11,True
vvviii-006,20(vvv)(iii),9903.88.69,9903.88.03,6,"{""hts10_exact"": [""0304835090""], ""hts8_prefix"": [""03048350""]}",Products described in statistical reporting number 0304.83.5090,63bca08314c37a5f641671681397af22cb7d8b7e07b1ebce66bada06a54c8342,2025-11-30,2026-11-11,True
vvviii-007,20(vvv)(iii),9903.88.69,9903.88.03,7,"{""hts10_exact"": [""3808945010""], ""hts8_prefix"": [""38089450""]}",Products described in statistical reporting number 3808.94.5010,d9d58906e267e5cc1e1dfffc8c986a1645497680f58e430346fd86cbb0c581b6,2025-11-30,2026-11-11,True
vvviii-008,20(vvv)(iii),9903.88.69,9903.88.03,8,"{""hts10_exact"": [""3923210095""], ""hts8_prefix"": [""39232100""]}",Products described in statistical reporting number 3923.21.0095,0b6d4246e56a6d1c437149cabf7eebda75479886924776ab6a530ff3f7aaf5b0,2025-11-30,2026-11-11,True
vvviii-009,20(vvv)(iii),9903.88.69,9903.88.03,9,"{""hts10_exact"": [""5603920070"", ""5603920090"", ""5603920095""], ""hts8_prefix"": [""56039200""]}","5603.92.0090 prior to July 1, 2022; 5603.92.0070 or 5603.92.0095 effective July 1, 2022",fa717ca3b88fe6956def48f64d26e616e9c6ca4a486b3ab79881d28082d69c4b,2025-11-30,2026-11-11,True
vvviii-010,20(vvv)(iii),9903.88.69,9903.88.03,10,"{""hts10_exact"": [""5603930090""], ""hts8_prefix"": [""56039300""]}",Products described in statistical reporting number 5603.93.0090,ecf29764bd7a60ba766ff55328e6526791bf2692b20800d2b358d5b7c7153135,2025-11-30,2026-11-11,True
vvviii-011,20(vvv)(iii),9903.88.69,9903.88.03,11,"{""hts10_exact"": [""6505008015""], ""hts8_prefix"": [""65050080""]}",Products described in statistical reporting number 6505.00.8015,405f5ebca3890ef3d60e5a76d275a0e297758fb3abc088bd6faf15c00216b47a,2025-11-30,2026-11-11,True
vvviii-012,20(vvv)(iii),9903.88.69,9903.88.03,12,"{""hts10_exact"": [""8424909080""], ""hts8_prefix"": [""84249090""]}",Products described in statistical reporting number 8424.90.9080,765129a14308ceca27236854218c1f3d1adb3076b5d5a2bb368e5137ba9ae85c,2025-11-30,2026-11-11,True
vvviii-013,20(vvv)(iii),9903.88.69,9903.88.03,13,"{""hts10_exact"": [""8425310100""], ""hts8_prefix"": [""84253101""]}",Products described in statistical reporting number 8425.31.0100,e6f272ffca9684144d95ff2120045330c6c0fbb962d27a5f83e2db0181acabee,2025-11-30,2026-11-11,True
vvviii-014,20(vvv)(iii),9903.88.69,9903.88.03,14,"{""hts10_exact"": [""1605102010""], ""hts8_prefix"": [""16051020""]}","King crab meat, frozen in blocks each weighing at least 1 kg but not more than 1.2 kg, in airtight containers (described in statistical reporting number 1605.10.2010)",4906d8761b39f3e2af23ed22ccfbedc533c8cc21b6ac5d5d5707f22101a17fd2,2025-11-30,2026-11-11,True
vvviii-015,20(vvv)(iii),9903.88.69,9903.88.03,15,"{""hts10_exact"": [""1605102022""], ""hts8_prefix"": [""16051020""]}","Snow crab meat (C. opilio), frozen in blocks, in airtight containers each with net weight of not more than 1.2 kg (described in statistical reporting number 1605.10.2022)",d7f3601064fc3390e38acc8e8a803c8a8a23d0e218d38bc915ff81277660551b,2025-11-30,2026-11-11,True
vvviii-016,20(vvv)(iii),9903.88.69,9903.88.03,16,"{""hts10_exact"": [""1605102030""], ""hts8_prefix"": [""16051020""]}","Dungeness crab meat, frozen in blocks, in airtight containers with net weight of not more than 1.2 kg (described in statistical reporting number 1605.10.2030)",4ca172eb358ae3e42d913f8d05f03e7e4ffd7ba16b86fe432ff135478568cec5,2025-11-30,2026-11-11,True
vvviii-017,20(vvv)(iii),9903.88.69,9903.88.03,17,"{""hts10_exact"": [""1605102090""], ""hts8_prefix"": [""16051020""]}","Crab meat (other than King crab, Snow crab, Dungeness or swimming crabs), frozen in blocks, in airtight containers with net weight of not more than 1.5 kg (described in statistical reporting number 1605.10.2090)",d16d032bcec715c3af562c3f744f014f2f7a4c87d81965ce2dc70b97f7af6858,2025-11-30,2026-11-11,True
vvviii-018,20(vvv)(iii),9903.88.69,9903.88.03,18,"{""hts10_exact"": [""2805110000""], ""hts8_prefix"": [""28051100""]}","Sodium metal (CAS No. 7440-23-5), in bulk solid form (described in statistical reporting number 2805.11.0000)",0a8ae3787ad55807b5b55f38749e4099782ceea6db42cbb4fa47d818688672f0,2025-11-30,2026-11-11,True
vvviii-019,20(vvv)(iii),9903.88.69,9903.88.03,19,"{""hts10_exact"": [""2917125000""], ""hts8_prefix"": [""29171250""]}","Sodium adipate (1,4-butanedicarboxylic acid, disodium salt) (IUPAC name: disodium hexanedioate) (CAS No. 7486-38-6) (described in statistical reporting number 2917.12.5000)",38d7271b03c5bdf49f4cbd078abdd898778fc6c3a0cbaa059befa44dc896bf3b,2025-11-30,2026-11-11,True
vvviii-020,20(vvv)(iii),9903.88.69,9903.88.03,20,"{""hts10_exact"": [""2929905090"", ""2929905095""], ""hts8_prefix"": [""29299050""]}","N-(n-Butyl)thiophosphoric triamide (IUPAC name: N-Diaminophosphinothioylbutan-1-amine) (CAS No. 94317-64-3) (described in statistical reporting number 2929.90.5090 prior to January 1, 2024; described in statistical reporting number 2929.90.5095 effective January 1, 2024)",e5ebf1af03358c1f7b57813e29233d8768d19728528e2168eeae46b46928c4ad,2025-11-30,2026-11-11,True
vvviii-021,20(vvv)(iii),9903.88.69,9903.88.03,21,"{""hts10_exact"": [""3815110000""], ""hts8_prefix"": [""38151100""]}","Supported nickel-based catalysts, of a kind used for methanation, desulfurization, hydrogenation, pre-reforming or reforming of organic chemicals or for protection of hydrotreating catalysts from arsine poisoning (described in statistical reporting number 3815.11.0000)",f7ff9cd253ad1ae24b9bfcf60796a9d55fcd8f79c2198b89bfd58dc92b3b6170,2025-11-30,2026-11-11,True
vvviii-022,20(vvv)(iii),9903.88.69,9903.88.03,22,"{""hts10_exact"": [""3815190000""], ""hts8_prefix"": [""38151900""]}",Supported catalysts for polymerization (described in statistical reporting number 3815.19.0000),10a9dda7818f334d6681c4ed9ba79396e03caa7579aaea2841950c2dd10c61a7,2025-11-30,2026-11-11,True
vvviii-023,20(vvv)(iii),9903.88.69,9903.88.03,23,"{""hts10_exact"": [""3815190000""], ""hts8_prefix"": [""38151900""]}",Supported catalysts of copper oxide or zinc oxide as the active ingredients for arsine removal (described in statistical reporting number 3815.19.0000),e12447be6c8c4459f81452efd19bfb5f8eb822c1d9440f39a3eb445e25c413be,2025-11-30,2026-11-11,True
vvviii-024,20(vvv)(iii),9903.88.69,9903.88.03,24,"{""hts10_exact"": [""3815190000""], ""hts8_prefix"": [""38151900""]}",Supported catalysts with copper carbonate or zinc carbonate as the active ingredients for low temperature desulfurization (described in statistical reporting number 3815.19.0000),b2ea7232fbc71d27e66f884c39a34712175f351cf48f2f775ee72f8c4e4753cd,2025-11-30,2026-11-11,True
vvviii-025,20(vvv)(iii),9903.88.69,9903.88.03,25,"{""hts10_exact"": [""3815190000""], ""hts8_prefix"": [""38151900""]}",Supported catalysts with metal sulfide as the active substance for mercury removal (described in statistical reporting number 3815.19.0000),e1dc51204dc38e9352f1b982cd51d3df7c7f39e8c874f06cdf006ff21c526ea2,2025-11-30,2026-11-11,True
vvviii-026,20(vvv)(iii),9903.88.69,9903.88.03,26,"{""hts10_exact"": [""3815190000""], ""hts8_prefix"": [""38151900""]}",Supported catalysts with molybdenum compounds as the active substance for hydrogenation (described in statistical reporting number 3815.19.0000),467668df47ae3b194a0f34baa7ea78b85d392a12b463b98288217bcd144a5d41,2025-11-30,2026-11-11,True
vvviii-027,20(vvv)(iii),9903.88.69,9903.88.03,27,"{""hts10_exact"": [""3815190000""], ""hts8_prefix"": [""38151900""]}",Supported catalysts with zinc oxide as the active substance (described in statistical reporting number 3815.19.0000),46917648363e12e4f067cb1bf204a671b19db91c51c4e0e52d9f37bf6aa3b7cc,2025-11-30,2026-11-11,True
vvviii-028,20(vvv)(iii),9903.88.69,9903.88.03,28,"{""hts10_exact"": [""3923500000""], ""hts8_prefix"": [""39235000""]}","One-piece stoppers, of polypropiolactone (""PPL"") or polylactic acid (""PLA"") polymers, each comprising a disc-shaped top attached to a rounded, tapered plug with a protruding stirrer, measuring at least 55 mm but not more than 120.7 mm in overall length, and weighing at least 0.6 g but not more than 1.1 g each, of a kind used with lids for beverage containers (described in statistical reporting number 3923.50.0000)",763c89ff2de11684a40b2bdf59e6621144126e1b9ad4a508f41d53dcf09dd149,2025-11-30,2026-11-11,True
vvviii-029,20(vvv)(iii),9903.88.69,9903.88.03,29,"{""hts10_exact"": [""4202923120""], ""hts8_prefix"": [""42029231""]}","Backpacks with outer surface of textile materials of man-made fibers, each measuring at least 35 cm but not more than 75 cm in height, at least 19 cm but not more than 34 cm in width, and at least 5 cm but not more than 26 cm in depth (described in statistical reporting number 4202.92.3120)",c99533d595fc4b2f8a5e95708409e3e994dc20da5ac35e142bd0635648e0f355,2025-11-30,2026-11-11,True
vvviii-030,20(vvv)(iii),9903.88.69,9903.88.03,30,"{""hts10_exact"": [""5007200065""], ""hts8_prefix"": [""50072000""]}","Silk fabrics, containing 85 percent or more by weight of silk or of silk waste other than noil silk, the foregoing not printed, not jacquard woven, measuring over 127 cm in width (described in statistical reporting number 5007.20.0065)",99fc875e44477c46131055dba2123c5e70d63ccedf57dbc55e4a1c4b61d6365f,2025-11-30,2026-11-11,True
vvviii-031,20(vvv)(iii),9903.88.69,9903.88.03,31,"{""hts10_exact"": [""5007200085""], ""hts8_prefix"": [""50072000""]}","Silk fabrics, containing 85 percent or more by weight of silk or of silk waste other than noil silk, the foregoing not printed, not jacquard woven, measuring 107 cm or more but not over 127 cm in width (described in statistical reporting number 5007.20.0085)",0542eb0199946ad2771e6c6547698f44051ee10619c00ba4dcc9044252a73cdd,2025-11-30,2026-11-11,True
vvviii-032,20(vvv)(iii),9903.88.69,9903.88.03,32,"{""hts10_exact"": [""6001102000""], ""hts8_prefix"": [""60011020""]}","Long pile knit fabrics, of acrylic pile on polyester ground, valued not over $16 per m2 (described in statistical reporting number 6001.10.2000)",2b9b3cb582ae83ce295464c9150c064130ce1f7f7e4806dd6ab171a12b4ce375,2025-11-30,2026-11-11,True
vvviii-033,20(vvv)(iii),9903.88.69,9903.88.03,33,"{""hts10_exact"": [""6802990060"", ""6802990090""], ""hts8_prefix"": [""68029900""]}","Sandstone known as brown wave, of a kind used in outdoor living spaces, containing one textured side and up to four chiseled edges with a density of 2,750 kg/m3 (described in statistical reporting number 6802.99.0060 prior to July 1, 2023; described in statistical reporting number 6802.99.0090 effective July 1, 2023)",40dd02f7632e79d608c23c1615a01931bc3f72ad4ea229dedb6ab6e29f51fd5f,2025-11-30,2026-11-11,True
vvviii-034,20(vvv)(iii),9903.88.69,9903.88.03,34,"{""hts10_exact"": [""6802990060"", ""6802990090""], ""hts8_prefix"": [""68029900""]}","Sandstone with a flamed finish on one side and a length of 200 mm or more but not over 3,100 mm, a width of 100 mm or more but not over 1,380 mm and a thickness of 30 mm or more but not over 180 mm (described in statistical reporting number 6802.99.0060 prior to July 1, 2023; described in statistical reporting number 6802.99.0090 effective July 1, 2023)",850c9526ead7f89d8b89ad33e9391c4d447ccf809fc7a615fd206b581e4d103e,2025-11-30,2026-11-11,True
vvviii-035,20(vvv)(iii),9903.88.69,9903.88.03,35,"{""hts10_exact"": [""6909112000""], ""hts8_prefix"": [""69091120""]}",Grinding beads of yttria-stabilized zirconia (described in statistical reporting number 6909.11.2000),1c71c5b43ddc808eff54c1dd34b140ead1249f5d8a2b549b66803d9c9c4fe224,2025-11-30,2026-11-11,True
vvviii-036,20(vvv)(iii),9903.88.69,9903.88.03,36,"{""hts10_exact"": [""7007190000""], ""hts8_prefix"": [""70071900""]}","Screen protectors of tempered safety glass, transparent, cut, and treated, with adhesive on one side, in rectangular sheets, each weighing at least 6 g but not more than 77 g, each measuring not less than 2.8 cm but not more than 28 cm in height, not less than 1.9 cm but not more than 21 cm in width, and not more than 0.1 cm in thickness (described in statistical reporting number 7007.19.0000)",5737e61054bd5db0b0679c8fe9dec5739b806e6d968eb60a9b954935073f41e8,2025-11-30,2026-11-11,True
vvviii-037,20(vvv)(iii),9903.88.69,9903.88.03,37,"{""hts10_exact"": [""7007190000""], ""hts8_prefix"": [""70071900""]}","Sheets of tempered safety glass, coated with silicone oxide, having a surface area of less than 2.5 m2, designed to be placed over solar cell panels for protection from external damage (described in statistical reporting number 7007.19.0000)",a0b5a04d3958722dc365fde77fbccc5aec7d38d298864e4a087bcbc3d367f2b1,2025-11-30,2026-11-11,True
vvviii-038,20(vvv)(iii),9903.88.69,9903.88.03,38,"{""hts10_exact"": [""7009100000""], ""hts8_prefix"": [""70091000""]}","Rear-view mirrors of convex glass for motor vehicles, each measuring not less than 1.75 mm and not more than 2.4 mm in thickness, not less than 125 mm and not more than 210 mm in length, not less than 97 mm and not more than 180 mm in width, weighing not less than 74 g and not more than 188 g (described in statistical reporting number 7009.10.0000)",603d459c163b1d38e30ed918aa97d2aacad399cd3e652faf80d0aa38eab981ab,2025-11-30,2026-11-11,True
vvviii-039,20(vvv)(iii),9903.88.69,9903.88.03,39,"{""hts10_exact"": [""7009100000""], ""hts8_prefix"": [""70091000""]}","Rear-view mirrors of flat glass for motor vehicles, each measuring not less than 1.75 mm but not more than 2.4 mm in thickness, not less than 163 mm but not more than 210 mm in length, not less than 107 mm but not more than 167 mm in width and weighing not less than 80 g but not more than 188 g (described in statistical reporting number 7009.10.0000)",93ffdcfae7384442ec2f77f2df0b09203236687dde36697ecdb8b9612bf51a38,2025-11-30,2026-11-11,True
vvviii-040,20(vvv)(iii),9903.88.69,9903.88.03,40,"{""hts10_exact"": [""7016100000""], ""hts8_prefix"": [""70161000""]}","Tiles of non-recycled glass on a vinyl mesh backing, in a grid pattern of not less than 304 mm by 304 mm and not exceeding 305 mm by 305 mm, for mosaics or other decorative or construction purposes (described in statistical reporting number 7016.10.0000)",ed0f2cdfeb56eb0387afe967a85d5c219fb9bc165253414d541f90b6c6cd813a,2025-11-30,2026-11-11,True
vvviii-041,20(vvv)(iii),9903.88.69,9903.88.03,41,"{""hts10_exact"": [""7326908688""], ""hts8_prefix"": [""73269086""]}","Cable hooks of steel, each weighing not less than 0.2 kg, measuring not less than 9 cm in length, not less than 5 cm in width and not less than 1 cm in height with spring loaded closure gate (described in statistical reporting number 7326.90.8688)",809f549bccd0cd816e03cac8b2691a030bc361c83bea5a327bb0271b85467d59,2025-11-30,2026-11-11,True
vvviii-042,20(vvv)(iii),9903.88.69,9903.88.03,42,"{""hts10_exact"": [""8205513030""], ""hts8_prefix"": [""82055130""]}","Kitchen and table implements of iron or steel, non-electric, including but not limited to peelers, graters and whisks (described in statistical reporting number 8205.51.3030)",27e2d3d5b9183d3e6cda692cedcdbe2b36946e78d8c8aefb3459c12a12d45360,2025-11-30,2026-11-11,True
vvviii-043,20(vvv)(iii),9903.88.69,9903.88.03,43,"{""hts10_exact"": [""8413309090""], ""hts8_prefix"": [""84133090""]}",Cooling medium pumps for internal combustion piston engines of the motor vehicles of headings 8703 or 8704 (described in statistical reporting number 8413.30.9090),0fff2424d028f30afb3f157969e18d2298ffcbf0951a6bf29445604cd6df1265,2025-11-30,2026-11-11,True
vvviii-044,20(vvv)(iii),9903.88.69,9903.88.03,44,"{""hts10_exact"": [""8414596540""], ""hts8_prefix"": [""84145965""]}","DC blowers for use in motor vehicle climate control systems, each measuring no less than 323 mm by 122 mm by 102 mm and no more than 357 mm by 214 mm by 167 mm (described in statistical reporting number 8414.59.6540)",1ee370e4a2a8cf2df2837c2f4dc4e2767ba72fafc7cced49c245a36854ee7daa,2025-11-30,2026-11-11,True
vvviii-045,20(vvv)(iii),9903.88.69,9903.88.03,45,"{""hts10_exact"": [""8414596560""], ""hts8_prefix"": [""84145965""]}","DC centrifugal radial blowers, each measuring not less than 345 mm by 122 mm by 102 mm and not more than 355 mm by 173 mm by 145 mm, of an output of 100 W to 285 W, and weighing at least 1.80 kg but no more than 2.72 kg (described in statistical reporting number 8414.59.6560)",380ddd16d0b516cdfdb84c5a89698805f5b737afb10c61b655d8dce84c561c74,2025-11-30,2026-11-11,True
vvviii-046,20(vvv)(iii),9903.88.69,9903.88.03,46,"{""hts10_exact"": [""8418500080""], ""hts8_prefix"": [""84185000""]}","Electric display cases incorporating refrigerating equipment designed for commercial use, each with a glass front to display the food or drink being stored (described in statistical reporting number 8418.50.0080)",af2f4cf0a86249eb843486f07530b323cbe6ca7331bf72c0308333645c8e6f38,2025-11-30,2026-11-11,True
vvviii-047,20(vvv)(iii),9903.88.69,9903.88.03,47,"{""hts10_exact"": [""8473301180""], ""hts8_prefix"": [""84733011""]}","Printed circuit assemblies for rendering images onto computer screens (""graphics processing modules"") (described in statistical reporting number 8473.30.1180)",a57e259b6f5e02676a0731f7646c9f7395ae9161a1c01186d207242301a85ee9,2025-11-30,2026-11-11,True
vvviii-048,20(vvv)(iii),9903.88.69,9903.88.03,48,"{""hts10_exact"": [""8473301180""], ""hts8_prefix"": [""84733011""]}","Printed circuit assemblies to enhance the graphics performance of automatic data processing (ADP) machines (""accelerator modules"") (described in statistical reporting number 8473.30.1180)",5b1ec3a03bdb432eeb6fd037774033614f927ca643a78a14d573eaf9d8315282,2025-11-30,2026-11-11,True
vvviii-049,20(vvv)(iii),9903.88.69,9903.88.03,49,"{""hts10_exact"": [""8473301180""], ""hts8_prefix"": [""84733011""]}","Printed circuit assemblies, constituting unfinished logic boards (described in statistical reporting number 8473.30.1180)",77d92b36a76f9b1388264b042a9a14bde6d59e5117e75ac9f1da4ce74e012c48,2025-11-30,2026-11-11,True
vvviii-050,20(vvv)(iii),9903.88.69,9903.88.03,50,"{""hts10_exact"": [""8473305100""], ""hts8_prefix"": [""84733051""]}","Parts and accessories of machines of heading 8471, whether or not incorporating fan hubs or LEDs but not incorporating other goods of heading 8541 or 8542 (described in statistical reporting number 8473.30.5100)",899e67fe53cb66ede2de78bf8e1bdb848bad5f2962b2aed42572d381ef809fb2,2025-11-30,2026-11-11,True
vvviii-051,20(vvv)(iii),9903.88.69,9903.88.03,51,"{""hts10_exact"": [""8501404020""], ""hts8_prefix"": [""85014040""]}","Electric gear motors, single phase AC, of an output of 74.6 W or more but not exceeding 228 W, each with a spring, a coupling, and a locking connector, the assembly measuring not more than 30 cm in length, not more than 11 cm in width, not more than 16 cm in height (described in statistical reporting number 8501.40.4020)",b0986cda21dd0e5a5ac0daa32b638697af7d803c616e5e678fabe53fa9f78582,2025-11-30,2026-11-11,True
vvviii-052,20(vvv)(iii),9903.88.69,9903.88.03,52,"{""hts10_exact"": [""8501404040""], ""hts8_prefix"": [""85014040""]}","AC motors, single phase, each of an output exceeding 74.6 W but not exceeding 335 W, measuring not more than 13 cm in diameter and not more than 13 cm in height and with a shaft measuring not more than 39 cm in length (described in statistical reporting number 8501.40.4040)",f9d238952d3386d6ab305466bb574033007242573cf7777570c9d25afdf6116d,2025-11-30,2026-11-11,True
vvviii-053,20(vvv)(iii),9903.88.69,9903.88.03,53,"{""hts10_exact"": [""8504409580""], ""hts8_prefix"": [""85044095""]}",Power adapters for a weather sensor or weather station display (described in statistical reporting number 8504.40.9580),74e4399b4b23f7de4c40c9e1f4f406143ff3f689b2be10cbff928a7ee7b52cae,2025-11-30,2026-11-11,True
vvviii-054,20(vvv)(iii),9903.88.69,9903.88.03,54,"{""hts10_exact"": [""8511400000""], ""hts8_prefix"": [""85114000""]}","Starter motors for internal combustion gasoline engines designed for use in the lawn, automotive, watercraft, motorcycle, industrial and garden industries (described in statistical reporting number 8511.40.0000)",877c742ab62c3d40741b1e0dada010aeebeb07840e9fc43a90dc7fc2a8a7c020,2025-11-30,2026-11-11,True
vvviii-055,20(vvv)(iii),9903.88.69,9903.88.03,55,"{""hts10_exact"": [""8516290090""], ""hts8_prefix"": [""85162900""]}","Electric fireplaces, weighing not more than 55 kg (described in statistical reporting number 8516.29.0090)",ac568e44289be756c235fd059930aa5d159a6cebeabe8c9f8b49e6aac64e017f,2025-11-30,2026-11-11,True
vvviii-056,20(vvv)(iii),9903.88.69,9903.88.03,56,"{""hts10_exact"": [""8534000020""], ""hts8_prefix"": [""85340000""]}","Printed circuit boards, each with a base wholly of plastics impregnated glass, not flexible, with 4 layers of copper (described in statistical reporting number 8534.00.0020)",cd66ec6001e0368c3b5702de6bba1508fc565f597f6f2f739c192a1b8ac0a766,2025-11-30,2026-11-11,True
vvviii-057,20(vvv)(iii),9903.88.69,9903.88.03,57,"{""hts10_exact"": [""8534000040""], ""hts8_prefix"": [""85340000""]}","Printed circuit boards, each with a base wholly of plastics impregnated glass, not flexible, with 2 layers of copper (described in statistical reporting number 8534.00.0040)",a00978e3937ccf1f29f4a79b411958ae3e9285dabe5ec7e7ddf42b39d5b663fa,2025-11-30,2026-11-11,True
vvviii-058,20(vvv)(iii),9903.88.69,9903.88.03,58,"{""hts10_exact"": [""8537109170""], ""hts8_prefix"": [""85371091""]}","Gas ignition safety controls, measuring 3.8 to 5.3 cm in height, 6.4 to 10.1 cm in width and 13.2 to 13.9 cm in depth; weighing 160 g to 380 g each; and valued not over $26 each; of a kind used in patio heaters, agricultural heaters or clothes dryers (described in statistical reporting number 8537.10.9170)",3a872e1d5a67ff16d67fb4257fa667b7bb771d4755cf8747152ae71cf01f2eb9,2025-11-30,2026-11-11,True
vvviii-059,20(vvv)(iii),9903.88.69,9903.88.03,59,"{""hts10_exact"": [""8543709100""], ""hts8_prefix"": [""85437091""]}","Digital sound processing apparatus capable of connecting to a wired or wireless network for the mixing of sound, each capable of mixing 16, 24, 32 or 64 channel, each measuring not more than 17 cm in height, not more than 60 cm in depth, and not more than 83 cm in width (described in statistical reporting number 8543.70.9100)",704a295668f881419ca04451f7a67b95ded778fd60b7da91881302209e21ed87,2025-11-30,2026-11-11,True
vvviii-060,20(vvv)(iii),9903.88.69,9903.88.03,60,"{""hts10_exact"": [""8544422000""], ""hts8_prefix"": [""85444220""]}","Insulated electric conductors for a voltage not exceeding 1,000 V, fitted with connectors of a kind used for telecommunications, each valued over $0.35 but not over $2 (described in statistical reporting number 8544.42.2000)",ba1ead35f452304a8202253a7afc50bb8a286040b6c230254033fb3ed21928ab,2025-11-30,2026-11-11,True
vvviii-061,20(vvv)(iii),9903.88.69,9903.88.03,61,"{""hts10_exact"": [""8544429090""], ""hts8_prefix"": [""85444290""]}","Insulated conductors, not of a kind used for telecommunications, for a voltage not exceeding 1,000 V, each with polyvinyl chloride (PVC) covers and connectors at each end in bundles of 3, 5 or 6 for use in connecting patients to monitoring devices (described in statistical reporting number 8544.42.9090)",1034cf68d0a643098007b8acba24757037b58c49ecd0913e58ff55df1947f1a3,2025-11-30,2026-11-11,True
vvviii-062,20(vvv)(iii),9903.88.69,9903.88.03,62,"{""hts10_exact"": [""8544429090""], ""hts8_prefix"": [""85444290""]}","Junction box assemblies, of a kind used in solar panels, incorporating three bypass diodes and two insulated cables fitted with connectors, for a voltage not more than 1,000 V (described in statistical reporting number 8544.42.9090)",3461545dcf2c540c607d3deb49019e4bba2d2f4fb326d52799e67623203cfbd2,2025-11-30,2026-11-11,True
vvviii-063,20(vvv)(iii),9903.88.69,9903.88.03,63,"{""hts10_exact"": [""8708407570""], ""hts8_prefix"": [""87084075""]}",Park gear blanks of Society of Automotive Engineers (SAE) 1520 carbon steel (described in statistical reporting number 8708.40.7570),658c4ba0a744c6e64ef9a118b3e32b660f3ac4b861f406332047ae10aa42bd38,2025-11-30,2026-11-11,True
vvviii-064,20(vvv)(iii),9903.88.69,9903.88.03,64,"{""hts10_exact"": [""8708407570""], ""hts8_prefix"": [""87084075""]}",Stator shafts of Stahlwerk Annahutte ZF34C grade carbon steel (described in statistical reporting number 8708.40.7570),b0a3d66986f48b64ed72ae1bd5aeb04c3ab6b8f20adfbcc7a6365e6bc0ef1091,2025-11-30,2026-11-11,True
vvviii-065,20(vvv)(iii),9903.88.69,9903.88.03,65,"{""hts10_exact"": [""8716400000""], ""hts8_prefix"": [""87164000""]}","Wheeled trailers suitable for towing behind an adult bicycle, each comprising a frame of aluminum with a hitch mechanism, weighing not more than 17.5 kg, with a capacity of not more than 46 kg, with those trailers designated for carrying children meeting ASTM International standard F1975 (described in statistical reporting number 8716.40.0000)",a2a4e8e7f751dfc077583a94c66d789a58b32059899fb08f201882490ffec6e6,2025-11-30,2026-11-11,True
vvviii-066,20(vvv)(iii),9903.88.69,9903.88.03,66,"{""hts10_exact"": [""9401616011""], ""hts8_prefix"": [""94016160""]}","Upholstered seats with wooden frames other than chairs, not of cane, osier, bamboo or similar materials, each measuring at least 144 cm but no more than 214 cm in width, at least 81 cm but no more than 89 cm in height and at least 81 cm but not more than 163 cm in depth (described in statistical reporting number 9401.61.6011)",2743d147b07468ba86a2ed1a57a5bc147a99a876e665a4a4904554e4a3cfee1e,2025-11-30,2026-11-11,True
vvviii-067,20(vvv)(iii),9903.88.69,9903.88.03,67,"{""hts10_exact"": [""9401710031""], ""hts8_prefix"": [""94017100""]}","Unassembled upholstered chairs with metal frames, other than household chairs, with seats and backs having a shell of plastics or wood and measuring at least 48 cm but not more than 61 cm in width (described in statistical reporting number 9401.71.0031)",2ceac75b336d86282e96618c3e2c3a4779d8841e2d442950ed88af33b65623eb,2025-11-30,2026-11-11,True
vvviii-068,20(vvv)(iii),9903.88.69,9903.88.03,68,"{""hts10_exact"": [""9401790035""], ""hts8_prefix"": [""94017900""]}","Hunting stands of steel or aluminum (including ladder stands, pod stands, hang-on stands and climbing stands), each of which allows one or more hunters to ascend to a height and sit while waiting for game animals to appear (described in statistical reporting number 9401.79.0035)",d5d95fc8b81b717cfea51194e2d695a1cc24dd118ed1a1dcb7a3ce729501c957,2025-11-30,2026-11-11,True
vvviii-069,20(vvv)(iii),9903.88.69,9903.88.03,69,"{""hts10_exact"": [""9401904080"", ""9401919090""], ""hts8_prefix"": [""94019040"", ""94019190""]}","Parts of chairs of unfinished plywood, including bodies, legs and arms (described in statistical reporting number 9401.90.4080 prior to January 27, 2022; described in statistical reporting number 9401.91.9090 effective January 27, 2022)",4fefb1cf7c5e427d493b828f2c075437f615ce3204523f2f80d6e2fdb6afe370,2025-11-30,2026-11-11,True
vvviii-070,20(vvv)(iii),9903.88.69,9903.88.03,70,"{""hts10_exact"": [""9403906005"", ""9403995005""], ""hts8_prefix"": [""94039060"", ""94039950""]}","Baby crib liners, each composed of two pieces of multi-layer warp polyester knit mesh without any padding, one measuring no more than 29 cm by 283 cm and the other measuring no more than 29 cm by 210 cm (described in statistical reporting number 9403.90.6005 prior to January 27, 2022; described in statistical reporting number 9403.99.5005 effective January 27, 2022)",807d4e0a68f50751606f97c1e28a8b809ee2a143c42f7f92e806dca47dd4c61f,2025-11-30,2026-11-11,True
vvviv-001,20(vvv)(iv),9903.88.69,9903.88.15,1,"{""hts10_exact"": [""0505100050""], ""hts8_prefix"": [""05051000""]}",Products described in statistical reporting number 0505.10.0050,142252f07d49866934350591e1d2ef241a6589813bbab44ec5d2217bcf5198d3,2025-11-30,2026-11-11,True
vvviv-002,20(vvv)(iv),9903.88.69,9903.88.15,2,"{""hts10_exact"": [""0505100055""], ""hts8_prefix"": [""05051000""]}",Products described in statistical reporting number 0505.10.0055,a343493c36a2f5beef81db5f35b499d7c53ae595eb41fdf23debeeb249058bf6,2025-11-30,2026-11-11,True
vvviv-003,20(vvv)(iv),9903.88.69,9903.88.15,3,"{""hts10_exact"": [""3401190000""], ""hts8_prefix"": [""34011900""]}",Products described in statistical reporting number 3401.19.0000,7a0c76f610dcb2b3455ee324b70b5932f291bacf023cc398695753f600935680,2025-11-30,2026-11-11,True
vvviv-004,20(vvv)(iv),9903.88.69,9903.88.15,4,"{""hts10_exact"": [""3926909910""], ""hts8_prefix"": [""39269099""]}",Products described in statistical reporting number 3926.90.9910,42632ce93d23ea7616d1312766018efe30109d2cb98fd5f341d8b69d9c6eecc7,2025-11-30,2026-11-11,True
vvviv-005,20(vvv)(iv),9903.88.69,9903.88.15,5,"{""hts10_exact"": [""5504100000""], ""hts8_prefix"": [""55041000""]}",Products described in statistical reporting number 5504.10.0000,0d712cf089eb325f656de5a4c1aac449f205b5a0839f8d6a555e61587d95380d,2025-11-30,2026-11-11,True
vvviv-006,20(vvv)(iv),9903.88.69,9903.88.15,6,"{""hts10_exact"": [""6210105010""], ""hts8_prefix"": [""62101050""]}",Products described in statistical reporting number 6210.10.5010,0a30bbf00e168cf7d34342fb925deaf22c2d8fdacf39ef0d60151c79e9d8cb7d,2025-11-30,2026-11-11,True
vvviv-007,20(vvv)(iv),9903.88.69,9903.88.15,7,"{""hts10_exact"": [""6210105090""], ""hts8_prefix"": [""62101050""]}",Products described in statistical reporting number 6210.10.5090,4a6bfc69e036837c13ca201efb9fa0ac9bd11580d3a9000f4033e9a34d209056,2025-11-30,2026-11-11,True
vvviv-008,20(vvv)(iv),9903.88.69,9903.88.15,8,"{""hts10_exact"": [""6506106030""], ""hts8_prefix"": [""65061060""]}",Products described in statistical reporting number 6506.10.6030,d0436263fa31b5db8693890b6235e8f107356ad66ae12073030ed40ee6bbe73d,2025-11-30,2026-11-11,True
vvviv-009,20(vvv)(iv),9903.88.69,9903.88.15,9,"{""hts10_exact"": [""3913100000""], ""hts8_prefix"": [""39131000""]}",Sodium alginate resins (CAS No. 9005-38-3) (described in statistical reporting number 3913.10.0000),60fd155bb0cbea52172401d19b370358b5d6d91b5bd61d399f0a136fc2ad29e7,2025-11-30,2026-11-11,True
vvviv-010,20(vvv)(iv),9903.88.69,9903.88.15,10,"{""hts10_exact"": [""3926909985"", ""3926909989"", ""3926909990""], ""hts8_prefix"": [""39269099""]}","Single-use sterile drapes and covers of plastics, of a kind used to protect the sterile field in surgical operating rooms (described in statistical reporting number 3926.90.9990 prior to July 1, 2020; described in statistical reporting number 3926.90.9985 effective July 1, 2020; described in statistical reporting number 3926.90.9989 effective July 1, 2024)",00bcf5d6e87933011663b1bc8dc4c611153acfb2387ecaa6ded7dd4518bf1513,2025-11-30,2026-11-11,True
vvviv-011,20(vvv)(iv),9903.88.69,9903.88.15,11,"{""hts10_exact"": [""3926909985"", ""3926909989"", ""3926909990""], ""hts8_prefix"": [""39269099""]}","Sterile decanters of polystyrene plastics, each of a kind used to transfer aseptic fluids or medication to and from sterile bags, vials or glass containers (described in statistical reporting number 3926.90.9990 prior to July 1, 2020; described in statistical reporting number 3926.90.9985 effective July 1, 2020; described in statistical reporting number 3926.90.9989 effective July 1, 2024)",8fcba3f1fb325feaf2056958baa9dc7054d224ce392d86c744fc3e262f2e6177,2025-11-30,2026-11-11,True
vvviv-012,20(vvv)(iv),9903.88.69,9903.88.15,12,"{""hts10_exact"": [""6111206070""], ""hts8_prefix"": [""61112060""]}","Babies' sleep sacks of cotton interlock knitted fabric, sleeveless, each with neck opening and two-way zipper (described in statistical reporting number 6111.20.6070)",86cd03537e479d26764e3945aa36f0b31da73ffd24120d41313a73a3b26c5f1f,2025-11-30,2026-11-11,True
vvviv-013,20(vvv)(iv),9903.88.69,9903.88.15,13,"{""hts10_exact"": [""6111206070""], ""hts8_prefix"": [""61112060""]}","Babies' sleep sacks, knitted, of cotton, each with neck opening and two-way zipper (described in statistical reporting number 6111.20.6070)",a809d60e3430a12151fa83d6cd4b492ed99bc4afc1439ae65677501986ed6891,2025-11-30,2026-11-11,True
vvviv-014,20(vvv)(iv),9903.88.69,9903.88.15,14,"{""hts10_exact"": [""6302100020""], ""hts8_prefix"": [""63021000""]}","Dust covers of knitted polyester fabric, designed for bed mattresses and pillows (described in statistical reporting number 6302.10.0020)",ce4b33ee1520d7ea26750aeec71ed4672b5583df49a292ea7ccea124515e7fae,2025-11-30,2026-11-11,True
vvviv-015,20(vvv)(iv),9903.88.69,9903.88.15,15,"{""hts10_exact"": [""6302319040""], ""hts8_prefix"": [""63023190""]}","Protective covers of cotton for pillows, not knitted or crocheted, of cotton, not napped or printed, each with full encasement construction and zipper opening (described in statistical reporting number 6302.31.9040)",dbbda1e6e6825fe17011070e677ab9a4bc09eac29a901c9bdcb834d2b3adfcf4,2025-11-30,2026-11-11,True
vvviv-016,20(vvv)(iv),9903.88.69,9903.88.15,16,"{""hts10_exact"": [""6307909889"", ""6307909891""], ""hts8_prefix"": [""63079098""]}","Cold packs consisting of a single-use, instant, endothermic chemical reaction cold pack combined with a textile exterior lining (described in statistical reporting number 6307.90.9889 prior to July 1, 2020; described in statistical reporting number 6307.90.9891 effective July 1, 2020)",290d50dfd64ade6fb6f916898af9ea744c555d52dd615992bd72aa8a4846f43d,2025-11-30,2026-11-11,True
vvviv-017,20(vvv)(iv),9903.88.69,9903.88.15,17,"{""hts10_exact"": [""6307909889"", ""6307909891""], ""hts8_prefix"": [""63079098""]}","Laparotomy sponges of cotton (described in statistical reporting number 6307.90.9889 prior to July 1, 2020; described in statistical reporting number 6307.90.9891 effective July 1, 2020)",328373fedff087e8323be0b4b3dabe7dcc758866390d096dd1e308cdb557cae4,2025-11-30,2026-11-11,True
vvviv-018,20(vvv)(iv),9903.88.69,9903.88.15,18,"{""hts10_exact"": [""6506106045""], ""hts8_prefix"": [""65061060""]}","Athletic, recreational and sporting headgear comprising shells of polyvinyl chloride, polycarbonate plastic or acrylonitrile butadiene styrene, each with an inner liner of expanded polypropylene or expanded polystyrene, designed for use with bicycles (described in statistical reporting number 6506.10.6045)",bc696d6dea92300d9481385736ed7247aae03e01d4291536b3c60772fa6f3ad6,2025-11-30,2026-11-11,True
vvviv-019,20(vvv)(iv),9903.88.69,9903.88.15,19,"{""hts10_exact"": [""8452100090""], ""hts8_prefix"": [""84521000""]}","Sewing machines of the household type, each weighing not more than 22.5 kg, having a touch screen control, a sewing light, a presser foot lifter and an automatic needle threader (described in statistical reporting number 8452.10.0090)",c88d7b2fb471fcd1777b575cc3a61163e42f3df5d1dcc3034c5e5f54a7ef1d88,2025-11-30,2026-11-11,True
vvviv-020,20(vvv)(iv),9903.88.69,9903.88.15,20,"{""hts10_exact"": [""8524119000"", ""9013809000""], ""hts8_prefix"": [""85241190"", ""90138090""]}","Liquid crystal display (""LCD"") modules, not capable of receiving or processing a broadcast television signal, each with a video display diagonal measuring not more than 191 cm (described in statistical reporting number 9013.80.9000 prior to January 27, 2022, described in statistical reporting number 8524.11.9000 effective January 27, 2022)",6a7f78c49737c50e4e5fdebce385032ad51f6b78b4d33120d46e9c2ee65a534c,2025-11-30,2026-11-11,True
vvviv-021,20(vvv)(iv),9903.88.69,9903.88.15,21,"{""hts10_exact"": [""8529901300""], ""hts8_prefix"": [""85299013""]}","Television liquid crystal display (""LCD"") main board assemblies, each consisting of a printed circuit board containing a television tuner and audio and video components (described in statistical reporting number 8529.90.1300)",2fb111e4ab9e0b86cff73ce8aba004816811e4f88e3792da6252ada4ef0b5445,2025-11-30,2026-11-11,True
vvviv-022,20(vvv)(iv),9903.88.69,9903.88.15,22,"{""hts10_exact"": [""9004900000"", ""9004900010"", ""9004900090""], ""hts8_prefix"": [""90049000""]}","Protective Articles (described in statistical reporting number 9004.90.0000 prior to January 1, 2021; described in statistical reporting number 9004.90.0010 or 9004.90.0090 effective January 1, 2021)",25f3abcab0ec3049cdd868f696be5e721b4c5cb4fac664931d22c62bae0f336e,2025-11-30,2026-11-11,True
vvviv-023,20(vvv)(iv),9903.88.69,9903.88.15,23,"{""hts10_exact"": [""9005100040""], ""hts8_prefix"": [""90051000""]}","Prism binoculars, other than for use with infrared light, comprising a plastic, aluminum or magnesium alloy body with a rubber jacket, with magnification ranging from at least 4X but not more than 22X and aperture ranging from at least 21 mm but not more than 56 mm (described in statistical reporting number 9005.10.0040)",98a529f402032b69900fe89311ae3c57f1bfc8aa77094f2e1349f63cab3b35c2,2025-11-30,2026-11-11,True
vvviv-024,20(vvv)(iv),9903.88.69,9903.88.15,24,"{""hts10_exact"": [""9401901085"", ""9401911500"", ""9401991085""], ""hts8_prefix"": [""94019010"", ""94019115"", ""94019910""]}","Parts of child safety seats (described in statistical reporting number 9401.90.1085 prior to January 27, 2022; described in statistical reporting number 9401.91.1500 or 9401.99.1085 effective January 27, 2022)",4de255082c3c9f497ea1e319c26fadf0b3e75729c04f73f37fd816b8255ff2e8,2025-11-30,2026-11-11,True
vvviv-025,20(vvv)(iv),9903.88.69,9903.88.15,25,"{""hts10_exact"": [""9404901000"", ""9404901060"", ""9404901090""], ""hts8_prefix"": [""94049010""]}","Pillow shells of cotton, each filled with goose or duck down (described in statistical reporting number 9404.90.1000 prior to January 1, 2023; described in statistical reporting number 9404.90.1060 or 9404.90.1090 effective January 1, 2023)",9f2e78cd295a65433e452ebec882216358a3d522cb5e20b3a3e4c2be6a0ea62e,2025-11-30,2026-11-11,True
www-001,20(www),9903.88.70,9903.88.02,1,"{""hts10_exact"": [""8486100000""], ""hts8_prefix"": [""84861000""]}","Silicon growth furnaces, including Czochralski crystal growth furnaces, designed for growing monocrystalline silicon ingots (boules) of a mass exceeding 700 kg, for use in solar wafer manufacturing (described in statistical reporting number 8486.10.0000)",ff83708706807ac22b5cfe00e6b496de141d3e22fed285cb9e44b790f4a6ded7,2025-11-30,2026-11-11,True
www-002,20(www),9903.88.70,9903.88.02,2,"{""hts10_exact"": [""8486100000""], ""hts8_prefix"": [""84861000""]}","Band saws designed for cutting or slicing cylindrical monocrystalline silicon ingots (boules) of an initial mass exceeding 400 kg into square or rectangular ingots (boules), for use in solar wafer manufacturing (described in statistical reporting number 8486.10.0000)",dea08d5cfebca0ff1dccdcffc6b151ff2b3818fa528886a32d9f4ba26f6e7e60,2025-11-30,2026-11-11,True
www-003,20(www),9903.88.70,9903.88.02,3,"{""hts10_exact"": [""8486100000""], ""hts8_prefix"": [""84861000""]}","Machines designed to align and adhere square or rectangular monocrystalline silicon ingots (boules) of an initial mass exceeding 200 kg to plastic support boards on metal mounting plates to provide support during diamond wire sawing, for use in solar wafer manufacturing (described in statistical reporting number 8486.10.0000)",01d6e58c2a54f74ba4536ef77c313a877f00cf737924aad10e0ae3c60221ded8,2025-11-30,2026-11-11,True
www-004,20(www),9903.88.70,9903.88.02,4,"{""hts10_exact"": [""8486100000""], ""hts8_prefix"": [""84861000""]}",Diamond wire saws designed for cutting or slicing square or rectangular monocrystalline silicon ingots (boules) of an initial mass exceeding 400 kg into solar wafers of a thickness not exceeding 200 micrometers (described in statistical reporting number 8486.10.0000),3b558af14cbf495b9b404d6ab0a849b76e4d5291338f2047544d35b647b0fa80,2025-11-30,2026-11-11,True
www-005,20(www),9903.88.70,9903.88.02,5,"{""hts10_exact"": [""8486100000""], ""hts8_prefix"": [""84861000""]}","Wire guide roller machines, presented with diamond wire saws designed for slicing square or rectangular monocrystalline silicon ingots (boules) of an initial mass exceeding 400 kg into solar wafers of a thickness not exceeding 200 micrometers, all of the foregoing for use in solar wafer manufacturing (described in statistical reporting number 8486.10.0000)",51a707c5ab107a1fbdfc8bd6ba994b40e68ebb43b9fe40c0ad3de43e05dee18e,2025-11-30,2026-11-11,True
www-006,20(www),9903.88.70,9903.88.02,6,"{""hts10_exact"": [""8486100000""], ""hts8_prefix"": [""84861000""]}","Coolant fluid recycling machines, presented with diamond wire saws designed for slicing square or rectangular monocrystalline silicon ingots (boules) of an initial mass exceeding 400 kg into solar wafers of a thickness not exceeding 200 micrometers, all of the foregoing for use in solar wafer manufacturing (described in statistical reporting number 8486.10.0000)",f616f90775fbca16f30a82b353614735f3f0c16bd3919ebec39518ab2f0f2115,2025-11-30,2026-11-11,True
www-007,20(www),9903.88.70,9903.88.02,7,"{""hts10_exact"": [""8486100000""], ""hts8_prefix"": [""84861000""]}",Degumming machines designed to remove adhesives from solar wafers (described in statistical reporting number 8486.10.0000),eda84f1b254cfd699dea9353b7c924dc45927e8d65337d364bb1a76af01daa96,2025-11-30,2026-11-11,True
www-008,20(www),9903.88.70,9903.88.02,8,"{""hts10_exact"": [""8486200000""], ""hts8_prefix"": [""84862000""]}","Texturing, etching, polishing, and cleaning machines designed to prepare, repair, clean, etch, polish or texture the solar wafer substrate, whether or not integrated with automation equipment for transferring solar wafers from one process station to the next, all the foregoing for use in solar wafer manufacturing (described in statistical reporting number 8486.20.0000)",e117d8696c9a3d945342d7655e2a195b6270e21cebe21f75d5926732f549af1c,2025-11-30,2026-11-11,True
www-009,20(www),9903.88.70,9903.88.02,9,"{""hts10_exact"": [""8486200000""], ""hts8_prefix"": [""84862000""]}","Thermal diffusion quartz-tube furnaces, designed to diffuse dopant impurities into square or rectangular silicon wafers, whether or not integrated with automation equipment for transferring solar wafers from one process station to the next or boat loading or unloading machines, all the foregoing for use in solar cell manufacturing (described in statistical reporting number 8486.20.0000)",0eba2e23fe73087d124eb2a67418c6c36803d7fc2d5a5c16f4ad69cbc932b51d,2025-11-30,2026-11-11,True
www-010,20(www),9903.88.70,9903.88.02,10,"{""hts10_exact"": [""8486200000""], ""hts8_prefix"": [""84862000""]}","Plasma-enhanced or low-pressure chemical vapor deposition machines designed to deposit amorphous or nanocrystalline layers on one or both surfaces of a solar wafer, whether or not integrated with automation equipment for transferring solar wafers from one process station to the next, all the foregoing for use in solar cell manufacturing (described in statistical reporting number 8486.20.0000)",be5a6dabc8da5b405759dddb8f740dd3d98a459cf92eb1ce919c517d8adb5d63,2025-11-30,2026-11-11,True
www-011,20(www),9903.88.70,9903.88.02,11,"{""hts10_exact"": [""8486200000""], ""hts8_prefix"": [""84862000""]}","Physical vapor deposition (PVD) machines, designed to deposit a thin film of transparent conducting oxide on one or both surfaces of a solar wafer, whether or not integrated with automation equipment for transferring solar wafers from one process station to the next, all the foregoing for use in solar cell manufacturing (described in statistical reporting number 8486.20.0000)",8cb6c420f0169f5556cb9c6170d4d0d4ad5e0ab67fe4f51e25f77c04611f84bf,2025-11-30,2026-11-11,True
www-012,20(www),9903.88.70,9903.88.02,12,"{""hts10_exact"": [""8486200000""], ""hts8_prefix"": [""84862000""]}","Screen printing line machines, including sintering furnaces for printing conducting contacts on both surfaces of a solar wafer, whether or not integrated with automation equipment for transferring solar wafers from one process station to the next, and whether or not integrated with equipment for solar cell testing, all the foregoing for use in solar cell manufacturing (described in statistical reporting number 8486.20.0000)",f7ec2f5027ee3c014ab50b0b5430f4aaf2fa40512c914d04a14e3929bd27cceb,2025-11-30,2026-11-11,True
www-013,20(www),9903.88.70,9903.88.02,13,"{""hts10_exact"": [""8486400030""], ""hts8_prefix"": [""84864000""]}","Machines designed for transporting polysilicon material to growth furnaces and machines designed for transporting monocrystalline ingots (boules) and wafers throughout the solar wafer manufacturing process, including machines for loading or unloading solar wafers during the diamond wire slicing process (described in statistical reporting number 8486.40.0030)",d0c233cebd70e56a3a8820d836501541ad84e60b1075ea5ac66dbc9bda197221,2025-11-30,2026-11-11,True
www-014,20(www),9903.88.70,9903.88.02,14,"{""hts10_exact"": [""8486400030""], ""hts8_prefix"": [""84864000""]}","Machines designed for lifting, handling, loading, or unloading of solar wafers of a thickness not exceeding 200 micrometers, for use in solar wafer manufacturing (described in statistical reporting number 8486.40.0030)",da9ae43712e01f193c1638d295799b9ea708b72a87db7a4d6d6084846d7fe399,2025-11-30,2026-11-11,True
