hts_code,hts_8digit,description,product_group,chapter_99_code,rate,effective_date,source_doc
8507.90.40,85079040,"Parts of lead-acid storage batteries, including separators therefor",Battery Parts (Non-lithium-ion Batteries),9903.91.03,0.2500,2024-09-27,2024-21217
8702.40.31,87024031,"Motor vehicles w/electric motor, to transport 16 or more persons, incl driver",Electric Vehicles,9903.91.02,1.0000,2024-09-27,2024-21217
8702.40.61,87024061,"Motor vehicles w/electric motor, to transport 10 to 15 persons, incl driver",Electric Vehicles,9903.91.02,1.0000,2024-09-27,2024-21217
8702.90.31,87029031,"Motor vehicles nesoi, to transport 16 or more persons, incl driver",Electric Vehicles,9903.91.02,1.0000,2024-09-27,2024-21217
8702.90.61,87029061,"Motor vehicles nesoi, to transport 10 to 15 persons, incl driver",Electric Vehicles,9903.91.02,1.0000,2024-09-27,2024-21217
8703.60.00,87036000,"Motor vehicles to transport persons, w/spark-ign. IC recip. piston engine & elec motor capable of charge by plug to external source",Electric Vehicles,9903.91.02,1.0000,2024-09-27,2024-21217
8703.70.00,87037000,"Motor vehicles to transport persons, w/diesel engine & elec motor capable of charge by plug to external source",Electric Vehicles,9903.91.02,1.0000,2024-09-27,2024-21217
8703.80.00,87038000,"Motor vehicles to transport persons, w/electric motor for propulsion",Electric Vehicles,9903.91.02,1.0000,2024-09-27,2024-21217
8703.90.01,87039001,"Motor vehicles to transport persons, nesoi",Electric Vehicles,9903.91.02,1.0000,2024-09-27,2024-21217
6307.90.9842,63079098,Surgical N95 Respirators of Textile,Facemasks,9903.91.01,0.2500,2024-09-27,2024-21217
6307.90.9842,63079098,Surgical N95 Respirators of Textile,Facemasks,9903.91.07,0.5000,2026-01-01,2024-21217
6307.90.9844,63079098,Non-surgical N95 Respirators of Textiles,Facemasks,9903.91.01,0.2500,2024-09-27,2024-21217
6307.90.9844,63079098,Non-surgical N95 Respirators of Textiles,Facemasks,9903.91.07,0.5000,2026-01-01,2024-21217
6307.90.9850,63079098,"Respirators of Textiles, Other than N95",Facemasks,9903.91.01,0.2500,2024-09-27,2024-21217
6307.90.9850,63079098,"Respirators of Textiles, Other than N95",Facemasks,9903.91.07,0.5000,2026-01-01,2024-21217
6307.90.9870,63079098,"Face Masks of Textiles, Disposable",Facemasks,9903.91.04,0.2500,2025-01-01,2024-21217
6307.90.9870,63079098,"Face Masks of Textiles, Disposable",Facemasks,9903.91.07,0.5000,2026-01-01,2024-21217
6307.90.9875,63079098,"Face Masks of Textiles, Other than Disposable",Facemasks,9903.91.01,0.2500,2024-09-27,2024-21217
6307.90.9875,63079098,"Face Masks of Textiles, Other than Disposable",Facemasks,9903.91.07,0.5000,2026-01-01,2024-21217
8507.60.0010,85076000,"Lithium-ion batteries of a kind used as the primary source of electrical power for electrically powered vehicles of subheadings 8703.40, 8703.50, 8703.60, 8703.70 or 8703.80",Lithium-ion Electrical Vehicle Batteries,9903.91.01,0.2500,2024-09-27,2024-21217
8507.60.0020,85076000,Lithium-ion batteries: Other,Lithium-ion Non-electrical Vehicle Batteries,9903.91.06,0.2500,2026-01-01,2024-21217
4015.12.10,40151210,Medical or surgical gloves of vulcanized rubber other than hard rubber,Medical Gloves,9903.91.08,0.5000,2025-01-01,2024-21217
4015.12.10,40151210,Medical or surgical gloves of vulcanized rubber other than hard rubber,Medical Gloves,9903.91.08,1.0000,2026-01-01,2024-21217
2504.10.10,25041010,"Natural graphite, crystalline flake (not including flake dust)",Natural Graphite,9903.91.06,0.2500,2026-01-01,2024-21217
2504.10.50,25041050,Natural graphite in powder or flakes (other than crystalline flake),Natural Graphite,9903.91.06,0.2500,2026-01-01,2024-21217
2504.90.00,25049000,"Natural graphite, other than in powder or in flakes",Natural Graphite,9903.91.06,0.2500,2026-01-01,2024-21217
2602.00.00,26020000,Manganese ores and concentrates including ferruginous manganese ores & concentrates with manganese content over 20% calculated on dry weight,Other Critical Minerals,9903.91.03,0.2500,2024-09-27,2024-21217
2605.00.00,26050000,Cobalt ores and concentrates,Other Critical Minerals,9903.91.03,0.2500,2024-09-27,2024-21217
2606.00.00,26060000,Aluminum ores and concentrates,Other Critical Minerals,9903.91.03,0.2500,2024-09-27,2024-21217
2608.00.00,26080000,Zinc ores and concentrates,Other Critical Minerals,9903.91.03,0.2500,2024-09-27,2024-21217
2610.00.00,26100000,Chromium ores and concentrates,Other Critical Minerals,9903.91.03,0.2500,2024-09-27,2024-21217
2611.00.60,26110060,Tungsten concentrates,Other Critical Minerals,9903.91.03,0.2500,2024-09-27,2024-21217
2825.90.30,28259030,Tungsten oxides,Other Critical Minerals,9903.91.03,0.2500,2024-09-27,2024-21217
2841.80.00,28418000,Tungstates (wolframates),Other Critical Minerals,9903.91.03,0.2500,2024-09-27,2024-21217
2844.41.00,28444100,"Tritium and its compounds, alloys, dispersions, ceramic products and mixtures thereof",Other Critical Minerals,9903.91.03,0.2500,2024-09-27,2024-21217
2844.42.00,28444200,"Actinium, californium, curium, einsteinium, gadolinium, polonium, radium, uranium & their compounds, alloys, dispersions, ceramic products & mixtures",Other Critical Minerals,9903.91.03,0.2500,2024-09-27,2024-21217
2844.43.00,28444300,"Other radioactive elements, isotopes, compounds, nesoi; alloys, dispersions, ceramic products and mixtures thereof",Other Critical Minerals,9903.91.03,0.2500,2024-09-27,2024-21217
2844.44.00,28444400,Radioactive residues,Other Critical Minerals,9903.91.03,0.2500,2024-09-27,2024-21217
2849.90.30,28499030,Tungsten carbide,Other Critical Minerals,9903.91.03,0.2500,2024-09-27,2024-21217
7202.60.00,72026000,Ferronickel,Other Critical Minerals,9903.91.03,0.2500,2024-09-27,2024-21217
7202.93.40,72029340,Ferroniobium containing by weight less than 0.02 percent of phosphorus or sulfur or less than 0.4 percent of silicon,Other Critical Minerals,9903.91.03,0.2500,2024-09-27,2024-21217
7202.93.80,72029380,"Ferroniobium, nesoi",Other Critical Minerals,9903.91.03,0.2500,2024-09-27,2024-21217
7901.11.00,79011100,"Zinc (o/than alloy), unwrought, containing o/99.99% by weight of zinc",Other Critical Minerals,9903.91.03,0.2500,2024-09-27,2024-21217
7901.12.10,79011210,"Zinc (o/than alloy), unwrought, casting-grade zinc, containing at least 97.5% but less than 99.99% by weight of zinc",Other Critical Minerals,9903.91.03,0.2500,2024-09-27,2024-21217
7901.12.50,79011250,"Zinc (o/than alloy), unwrought, o/than casting-grade zinc, containing at least 97.5% but less than 99.99% by wt. of zinc",Other Critical Minerals,9903.91.03,0.2500,2024-09-27,2024-21217
7901.20.00,79012000,"Zinc alloy, unwrought",Other Critical Minerals,9903.91.03,0.2500,2024-09-27,2024-21217
8001.10.00,80011000,"Tin (o/than alloy), unwrought",Other Critical Minerals,9903.91.03,0.2500,2024-09-27,2024-21217
8001.20.00,80012000,"Tin alloy, unwrought",Other Critical Minerals,9903.91.03,0.2500,2024-09-27,2024-21217
8101.10.00,81011000,"Tungsten, powders",Other Critical Minerals,9903.91.03,0.2500,2024-09-27,2024-21217
8103.20.00,81032000,"Tantalum, unwrought (including bars and rods obtained simply by sintering); tantalum powders",Other Critical Minerals,9903.91.03,0.2500,2024-09-27,2024-21217
8112.21.00,81122100,"Chromium, unwrought; chromium powders",Other Critical Minerals,9903.91.03,0.2500,2024-09-27,2024-21217
8112.92.30,81129230,"Indium, unwrought; indium powders",Other Critical Minerals,9903.91.03,0.2500,2024-09-27,2024-21217
8505.11.00,85051100,"Permanent magnets and articles intended to become permanent magnets after magnetization, of metal",Permanent Magnets,9903.91.06,0.2500,2026-01-01,2024-21217
8541.10.00,85411000,"Diodes, other than photosensitive or light-emitting diodes",Semiconductors,9903.91.05,0.5000,2025-01-01,2024-21217
8541.21.00,85412100,"Transistors, other than photosensitive transistors, with a dissipation rating of less than 1 W",Semiconductors,9903.91.05,0.5000,2025-01-01,2024-21217
8541.29.00,85412900,"Transistors, other than photosensitive transistors, with a dissipation rating of 1 W or more",Semiconductors,9903.91.05,0.5000,2025-01-01,2024-21217
8541.30.00,85413000,"Thyristors, diacs and triacs, other than photosensitive devices",Semiconductors,9903.91.05,0.5000,2025-01-01,2024-21217
8541.49.10,85414910,"Other photosensitive semiconductor diodes, other than light-emitting",Semiconductors,9903.91.05,0.5000,2025-01-01,2024-21217
8541.49.70,85414970,Photosensitive transistors,Semiconductors,9903.91.05,0.5000,2025-01-01,2024-21217
8541.49.80,85414980,"Photosensitive semiconductor devices nesoi, optical coupled isolators",Semiconductors,9903.91.05,0.5000,2025-01-01,2024-21217
8541.49.95,85414995,"Other photosensitive semiconductor devices, other than diodes or transistors, nesoi",Semiconductors,9903.91.05,0.5000,2025-01-01,2024-21217
8541.51.00,85415100,"Other semiconductor-based transducers, other than photosensitive transducers",Semiconductors,9903.91.05,0.5000,2025-01-01,2024-21217
8541.59.00,85415900,"Other semiconductor devices, other than semiconductor-based transducers, other than photosensitive devices, nesoi",Semiconductors,9903.91.05,0.5000,2025-01-01,2024-21217
8541.90.00,85419000,"Parts of diodes, transistors, similar semiconductor devices, photosensitive semiconductor devices, LED's and mounted piezoelectric crystals",Semiconductors,9903.91.05,0.5000,2025-01-01,2024-21217
8542.31.00,85423100,Electronic integrated circuits: processors and controllers,Semiconductors,9903.91.05,0.5000,2025-01-01,2024-21217
8542.32.00,85423200,Electronic integrated circuits: memories,Semiconductors,9903.91.05,0.5000,2025-01-01,2024-21217
8542.33.00,85423300,Electronic integrated circuits: amplifiers,Semiconductors,9903.91.05,0.5000,2025-01-01,2024-21217
8542.39.00,85423900,Electronic integrated circuits: other,Semiconductors,9903.91.05,0.5000,2025-01-01,2024-21217
8542.90.00,85429000,Parts of electronic integrated circuits and microassemblies,Semiconductors,9903.91.05,0.5000,2025-01-01,2024-21217
8541.42.00,85414200,"Photovoltaic cells, not assembled in modules or made up into panels",Solar Cells (whether or not assembled into modules),9903.91.02,0.5000,2024-09-27,2024-21217
8541.43.00,85414300,Photovoltaic cells assembled in modules or made up into panels,Solar Cells (whether or not assembled into modules),9903.91.02,0.5000,2024-09-27,2024-21217
7206.10.00,72061000,Iron and nonalloy steel ingots,Steel and Aluminum Products,9903.91.03,0.2500,2024-09-27,2024-21217
7206.90.00,72069000,Iron and nonalloy steel in primary forms (o/than ingots),Steel and Aluminum Products,9903.91.03,0.2500,2024-09-27,2024-21217
7207.11.00,72071100,"Iron or nonalloy steel semifinished products, w/less than 0.25% carbon, w/rect. cross sect.(incl. sq.), w/width less than twice thickness",Steel and Aluminum Products,9903.91.03,0.2500,2024-09-27,2024-21217
7207.12.00,72071200,"Iron or nonalloy steel semifinished products, w/less than 0.25% carbon, w/rect. cross sect. (exclud. sq.), nesoi",Steel and Aluminum Products,9903.91.03,0.2500,2024-09-27,2024-21217
7207.19.00,72071900,"Iron or nonalloy steel semifinished products, w/less than 0.25% carbon, o/than w/rect. cross section",Steel and Aluminum Products,9903.91.03,0.2500,2024-09-27,2024-21217
7207.20.00,72072000,"Iron or nonalloy steel semifinished products, w/0.25% or more of carbon",Steel and Aluminum Products,9903.91.03,0.2500,2024-09-27,2024-21217
7208.10.15,72081015,"Iron/nonalloy steel, width 600mm+,  hot-rolled flat-rolled products, w/patterns in relief, in coils, pickled, not clad/plated/coated",Steel and Aluminum Products,9903.91.03,0.2500,2024-09-27,2024-21217
7208.10.30,72081030,"Iron/nonalloy steel, width 600mm+, hot-rolled flat-rolled product, in coil, w/pattern in relief, w/thick 4.75mm+, not pickld, not clad/plated/coatd",Steel and Aluminum Products,9903.91.03,0.2500,2024-09-27,2024-21217
7208.10.60,72081060,"Iron/nonalloy steel, width 600mm+, hot-rolled flat-rolled product, in coil, w/pattern in relief, w/thick <4.75mm, not pickld, not clad/plated/coatd",Steel and Aluminum Products,9903.91.03,0.2500,2024-09-27,2024-21217
7208.25.30,72082530,"Nonalloy hi-strength steel, width 600mm+, hot-rolled flat-rolled products, in coils, w/thick 4.75mm+, pickled, not clad/plated/coated",Steel and Aluminum Products,9903.91.03,0.2500,2024-09-27,2024-21217
7208.25.60,72082560,"Iron/nonalloy steel, width 600mm+, hot-rolled flat-rolled products, in coils, w/thick 4.7mm or more, pickled, not clad/plated/coated",Steel and Aluminum Products,9903.91.03,0.2500,2024-09-27,2024-21217
7208.26.00,72082600,"Iron/nonalloy steel, width 600mm+, hot-rolled flat-rolled products, in coils, w/thick 3mm or mor but less 4.75mm, pickled, not clad/plated",Steel and Aluminum Products,9903.91.03,0.2500,2024-09-27,2024-21217
7208.27.00,72082700,"Iron/nonalloy steel, width 600mm+, hot-rolled flat-rolled products, in coils, w/thick less than 3mm, pickled, not clad/plated/coated",Steel and Aluminum Products,9903.91.03,0.2500,2024-09-27,2024-21217
7208.36.00,72083600,"Iron/nonalloy steel, width 600mm+, hot-rolled flat-rolled products, in coils, w/thick o/10mm, not pickled/clad/plated/coated",Steel and Aluminum Products,9903.91.03,0.2500,2024-09-27,2024-21217
7208.37.00,72083700,"Iron/nonalloy steel, width 600mm+, hot-rolled flat-rolled products, in coils, w/thick 4.75mm or more & n/o 10mm, not pickled/clad/plated",Steel and Aluminum Products,9903.91.03,0.2500,2024-09-27,2024-21217
7208.38.00,72083800,"Iron/nonalloy steel, width 600mm+, hot-rolled flat-rolled products, in coils, w/thick 3mm or more & less 4.75mm, not pickld/clad/plated",Steel and Aluminum Products,9903.91.03,0.2500,2024-09-27,2024-21217
7208.39.00,72083900,"Iron/nonalloy steel, width 600mm+, hot-rolled flat-rolled products, in coils, w/thick less than 3mm, not pickled/clad/plated/coated",Steel and Aluminum Products,9903.91.03,0.2500,2024-09-27,2024-21217
7208.40.30,72084030,"Iron/nonalloy steel, width 600mm+, hot-rolled flat-rolled products, w/pattern in relief, not coils, w/thick 4.75 or more, n/clad/plated/coated",Steel and Aluminum Products,9903.91.03,0.2500,2024-09-27,2024-21217
7208.40.60,72084060,"Iron/nonalloy steel, width 600mm+, hot-rolled flat-rolled products, w/pattern in relief, not coils, w/thick <4.75mm, not clad/plated/coated",Steel and Aluminum Products,9903.91.03,0.2500,2024-09-27,2024-21217
7208.51.00,72085100,"Iron/nonalloy steel, width 600mm+, hot-rolled flat-rolled products, nesoi, not in coils, w/thick o/10mm, not clad/plated/coated",Steel and Aluminum Products,9903.91.03,0.2500,2024-09-27,2024-21217
7208.52.00,72085200,"Iron/nonalloy steel, width 600mm+, hot-rolled flat-rolled products, neosi, not in coils, w/thick 4.75mm+ but n/o 10mm, not clad/plated/",Steel and Aluminum Products,9903.91.03,0.2500,2024-09-27,2024-21217
7208.53.00,72085300,"Iron/nonalloy steel, width 600mm+, hot-rolled flat-rolled products, neosi, not in coils, w/thick 3mm+ but <4.75mm, not clad/plated/coated",Steel and Aluminum Products,9903.91.03,0.2500,2024-09-27,2024-21217
7208.54.00,72085400,"Iron/nonalloy steel, width 600mm+, hot-rolled flat-rolled products, neosi, not in coils, w/thick less than 3mm, not clad/plated/coated",Steel and Aluminum Products,9903.91.03,0.2500,2024-09-27,2024-21217
7208.90.00,72089000,"Iron/nonalloy steel, width 600mm+, hot-rolled flat-rolled products, nesoi, not clad/plated/coated",Steel and Aluminum Products,9903.91.03,0.2500,2024-09-27,2024-21217
7209.15.00,72091500,"Iron/nonalloy steel, width 600mm+, cold-rolled flat-rolled products, in coils, w/thick 3mm+, not clad/plated/coated",Steel and Aluminum Products,9903.91.03,0.2500,2024-09-27,2024-21217
7209.16.00,72091600,"Iron/nonalloy steel, width 600mm+, cold-rolled flat-rolled products, in coils, w/thick o/1mm but less than 3mm, not clad/plated/coated",Steel and Aluminum Products,9903.91.03,0.2500,2024-09-27,2024-21217
7209.17.00,72091700,"Iron/nonalloy steel, width 600mm+, cold-rolled flat-rolled products, in coils, w/thick 0.5mm or more but n/o 1mm, not clad/plated/coated",Steel and Aluminum Products,9903.91.03,0.2500,2024-09-27,2024-21217
7209.18.15,72091815,"Nonalloy hi-strength steel, width 600mm+, cold-rolled flat-rolled products, in coils, w/thick less than 0.5mm, not clad/plated/coated",Steel and Aluminum Products,9903.91.03,0.2500,2024-09-27,2024-21217
7209.18.25,72091825,"Nonalloy steel(blackplate), width 600mm+, cold-rolled flat-rolled products, in coils, w/thick less than 0.361mm, not clad/plated/coated",Steel and Aluminum Products,9903.91.03,0.2500,2024-09-27,2024-21217
7209.18.60,72091860,"Iron/nonalloy steel, width 600mm+, cold-rolled flat-rolled products, in coils, w/thick 0.361mm+ but less 5mm, not clad/plated/coated",Steel and Aluminum Products,9903.91.03,0.2500,2024-09-27,2024-21217
7209.25.00,72092500,"Iron/nonalloy steel, width 600mm+, cold-rolled flat-rolled products, not in coils, w/thick 3mm or more, not clad/plated/coated",Steel and Aluminum Products,9903.91.03,0.2500,2024-09-27,2024-21217
7209.26.00,72092600,"Iron/nonalloy steel, width 600mm+, cold-rolled flat-rolled products, not in coils, w/thick o/1mm but less than 3mm, not clad/plated/coated",Steel and Aluminum Products,9903.91.03,0.2500,2024-09-27,2024-21217
7209.27.00,72092700,"Iron/nonalloy steel, width 600mm+, cold-rolled flat-rolled products, not in coils, w/thick 0.5mm+ but n/o 1mm, not clad/plated/coated",Steel and Aluminum Products,9903.91.03,0.2500,2024-09-27,2024-21217
7209.28.00,72092800,"Iron/nonalloy steel, width 600mm+, cold-rolled flat-rolled products, not in coils, w/thick less than 0.5mm, not clad/plated/coated",Steel and Aluminum Products,9903.91.03,0.2500,2024-09-27,2024-21217
7209.90.00,72099000,"Iron/nonalloy steel, width 600mm+, flat-rolled products further worked than cold-rolled, not clad/plated/coated, nesoi",Steel and Aluminum Products,9903.91.03,0.2500,2024-09-27,2024-21217
7210.11.00,72101100,"Iron/nonalloy steel, width 600mm+, flat-rolled products, plated or coated with tin, w/thick. 0.5 mm or more",Steel and Aluminum Products,9903.91.03,0.2500,2024-09-27,2024-21217
7210.12.00,72101200,"Iron/nonalloy steel, width 600mm+, flat-rolled products, plated or coated with tin, less than 0.5 mm thick",Steel and Aluminum Products,9903.91.03,0.2500,2024-09-27,2024-21217
7210.20.00,72102000,"Iron/nonalloy steel, width 600mm+, flat-rolled products, plated or coated with lead, including terneplate",Steel and Aluminum Products,9903.91.03,0.2500,2024-09-27,2024-21217
7210.30.00,72103000,"Iron/nonalloy steel, width 600mm+, flat-rolled products, electrolytically plated or coated with zinc",Steel and Aluminum Products,9903.91.03,0.2500,2024-09-27,2024-21217
7210.41.00,72104100,"Iron/nonalloy steel, width 600mm+, flat-rolled products, plated or coated with zinc (other than electrolytically), corrugated",Steel and Aluminum Products,9903.91.03,0.2500,2024-09-27,2024-21217
7210.49.00,72104900,"Iron/nonalloy steel, width 600mm+, flat-rolled products, plated or coated with zinc (other than electrolytically), not corrugated",Steel and Aluminum Products,9903.91.03,0.2500,2024-09-27,2024-21217
7210.50.00,72105000,"Iron/nonalloy steel, width 600mm+, flat-rolled products, plated or coated with chromium oxides or with chromium and chromium oxides",Steel and Aluminum Products,9903.91.03,0.2500,2024-09-27,2024-21217
7210.61.00,72106100,"Iron/nonalloy steel, width 600mm+, flat-rolled products, plated or coated with aluminum-zinc alloys",Steel and Aluminum Products,9903.91.03,0.2500,2024-09-27,2024-21217
7210.69.00,72106900,"Iron/nonalloy steel, width 600mm+, flat-rolled products, plated or coated with aluminum o/than aluminum-zinc alloy",Steel and Aluminum Products,9903.91.03,0.2500,2024-09-27,2024-21217
7210.70.30,72107030,"Iron/nonalloy steel, width 600mm+, flat-rolled products, painted/varnished or coated w/plastic but not plated/coated or clad w/metal",Steel and Aluminum Products,9903.91.03,0.2500,2024-09-27,2024-21217
7210.70.60,72107060,"Iron/nonalloy steel, width 600mm+, flat-rolled products, painted/varnished or coated w/plastic, nesoi",Steel and Aluminum Products,9903.91.03,0.2500,2024-09-27,2024-21217
7210.90.10,72109010,"Iron/nonalloy steel, width 600mm+, flat-rolled products, clad",Steel and Aluminum Products,9903.91.03,0.2500,2024-09-27,2024-21217
7210.90.60,72109060,"Iron/nonalloy steel, width 600mm+, flat-rolled products, electrolytically coated or plated with base metal, nesoi",Steel and Aluminum Products,9903.91.03,0.2500,2024-09-27,2024-21217
7210.90.90,72109090,"Iron/nonalloy steel, width 600mm+, flat-rolled products, plated or coated, nesoi",Steel and Aluminum Products,9903.91.03,0.2500,2024-09-27,2024-21217
7211.13.00,72111300,"Iron/nonalloy steel, width less th/600mm, hot-rolled flat-rolled universal mill plate, not clad/plated/coated",Steel and Aluminum Products,9903.91.03,0.2500,2024-09-27,2024-21217
7211.14.00,72111400,"Iron/nonalloy steel, width less th/600mm, hot-rolled flat-rolled products, nesoi, w/thick of 4.75mm or more, not clad/plated/coated",Steel and Aluminum Products,9903.91.03,0.2500,2024-09-27,2024-21217
7211.19.15,72111915,"Nonalloy hi-strength steel, width less th/300mm, hot-rolled flat-rolled products, not clad/plated/coated",Steel and Aluminum Products,9903.91.03,0.2500,2024-09-27,2024-21217
7211.19.20,72111920,"Iron/nonalloy steel, neosi, width less th/300mm, hot-rolled flat-rolled products, w/thick o/1.25 mm but n/o 4.75 mm, n/clad/plated/coated",Steel and Aluminum Products,9903.91.03,0.2500,2024-09-27,2024-21217
7211.19.30,72111930,"Iron/nonalloy steel, neosi, width less th/300mm, hot-rolled flat-rolled products, w/thick 1.25mm or less, not clad/plated/coated",Steel and Aluminum Products,9903.91.03,0.2500,2024-09-27,2024-21217
7211.19.45,72111945,"Nonalloy hi-strength steel, width 300mm+ but less th/600mm, hot-rolled flat-rolled products, not clad/plated/coated",Steel and Aluminum Products,9903.91.03,0.2500,2024-09-27,2024-21217
7211.19.60,72111960,"Iron/nonalloy steel, neosi, width 300mm+ but less th/600mm, hot-rolled flat-rolled products, pickled, not clad/plated/coated",Steel and Aluminum Products,9903.91.03,0.2500,2024-09-27,2024-21217
7211.19.75,72111975,"Iron/nonalloy steel, neosi, width 300mm+ but less th/600mm, hot-rolled flat-rolled products, not pickled, not clad/plated/coated",Steel and Aluminum Products,9903.91.03,0.2500,2024-09-27,2024-21217
7211.23.15,72112315,"Nonalloy hi-strength steel, width less th/300mm, cold-rolled flat-rolled, <0.25% carbon, w/thick o/1.25mm, not clad/plated/coated",Steel and Aluminum Products,9903.91.03,0.2500,2024-09-27,2024-21217
7211.23.20,72112320,"Iron/nonalloy steel, nesoi, width less th/300mm, cold-rolled flat-rolled, <0.25% carbon, w/thick o/1.25mm, not clad/plated/coated",Steel and Aluminum Products,9903.91.03,0.2500,2024-09-27,2024-21217
7211.23.30,72112330,"Iron/nonalloy steel, nesoi, width less th/300mm, cold-rolled flat-rolled, <0.25% carbon, w/thick o/0.25mm n/o 1.25mm, not clad/plated",Steel and Aluminum Products,9903.91.03,0.2500,2024-09-27,2024-21217
7211.23.45,72112345,"Iron/nonalloy steel, nesoi, width less th/300mm, cold-rolled flat-rolled, <0.25% carbon, w/thick n/o 0.25mm, not clad/plated/coated",Steel and Aluminum Products,9903.91.03,0.2500,2024-09-27,2024-21217
7211.23.60,72112360,"Iron/nonalloy steel, nesoi, width 300mm+ but less th/600mm, cold-rolled flat-rolled, <0.25% carbon, not clad/plated/coated",Steel and Aluminum Products,9903.91.03,0.2500,2024-09-27,2024-21217
7211.29.20,72112920,"Iron/nonalloy steel, width less th/300mm, cold-rolled flat-rolled, w/0.25% or more carbon, w/thick o/0.25mm, not clad/plated/coated",Steel and Aluminum Products,9903.91.03,0.2500,2024-09-27,2024-21217
7211.29.45,72112945,"Iron/nonalloy steel, width less th/300mm, cold-rolled flat-rolled, w/0.25% or more carbon, w/thick 0.25mm or less, not clad/plated/coated",Steel and Aluminum Products,9903.91.03,0.2500,2024-09-27,2024-21217
7211.29.60,72112960,"Iron/nonalloy steel, width 300mm+ but less th/600mm, cold-rolled flat-rolled, w/0.25% or more carbon, not clad/plated/coated",Steel and Aluminum Products,9903.91.03,0.2500,2024-09-27,2024-21217
7211.90.00,72119000,"Iron/nonalloy steel, width less th/600mm, flat-rolled further worked than cold-rolled, not clad, plated or coated",Steel and Aluminum Products,9903.91.03,0.2500,2024-09-27,2024-21217
7212.10.00,72121000,"Iron/nonalloy steel, width less th/600mm, flat-rolled products, plated or coated with tin",Steel and Aluminum Products,9903.91.03,0.2500,2024-09-27,2024-21217
7212.20.00,72122000,"Iron/nonalloy steel, width less th/600mm, flat-rolled products, electrolytically plated or coated with zinc",Steel and Aluminum Products,9903.91.03,0.2500,2024-09-27,2024-21217
7212.30.10,72123010,"Iron/nonalloy steel, width less th/300mm, flat-rolled products, plated/coated with zinc (other than electrolytically), w/thick o/0.25 mm",Steel and Aluminum Products,9903.91.03,0.2500,2024-09-27,2024-21217
7212.30.30,72123030,"Iron/nonalloy steel, width less th/300mm, flat-rolled products, plated/coated w/zinc (other than electrolytically), w/thick 0.25 mm or less",Steel and Aluminum Products,9903.91.03,0.2500,2024-09-27,2024-21217
7212.30.50,72123050,"Iron/nonalloy steel, width 300+ but less th/600mm, flat-rolled products, plated or coated with zinc (other than electrolytically)",Steel and Aluminum Products,9903.91.03,0.2500,2024-09-27,2024-21217
7212.40.10,72124010,"Iron/nonalloy steel, width less th/300mm, flat-rolled products, painted, varnished or coated w/plastic",Steel and Aluminum Products,9903.91.03,0.2500,2024-09-27,2024-21217
7212.40.50,72124050,"Iron/nonalloy steel, width 300+ but less th/600mm, flat-rolled products, painted, varnished or coated w/plastic",Steel and Aluminum Products,9903.91.03,0.2500,2024-09-27,2024-21217
7212.50.00,72125000,"Iron/nonalloy steel, width less th/600mm, flat-rolled products, plated or coated nesoi",Steel and Aluminum Products,9903.91.03,0.2500,2024-09-27,2024-21217
7212.60.00,72126000,"Iron/nonalloy steel, width less th/600mm, flat-rolled products, clad",Steel and Aluminum Products,9903.91.03,0.2500,2024-09-27,2024-21217
7213.10.00,72131000,"Iron/nonalloy, concrete reinforcing bars and rods in irregularly wound coils, hot-rolled",Steel and Aluminum Products,9903.91.03,0.2500,2024-09-27,2024-21217
7213.20.00,72132000,"Free-cutting steel, bars and rods in irregularly wound coils, hot-rolled",Steel and Aluminum Products,9903.91.03,0.2500,2024-09-27,2024-21217
7213.91.30,72139130,"Iron/nonalloy steel, nesoi, hot-rolled bars & rods in irregularly wound coils, w/cir. x-sect. diam. <14mm, n/tempered/treated/partly mfd",Steel and Aluminum Products,9903.91.03,0.2500,2024-09-27,2024-21217
7213.91.45,72139145,"Iron/nonalloy steel, nesoi, hot-rolled bars & rods in irregularly wound coils, w/cir. x-sect. diam. <14mm, w/0.6+ of carbon, nesoi",Steel and Aluminum Products,9903.91.03,0.2500,2024-09-27,2024-21217
7213.91.60,72139160,"Iron/nonalloy steel, nesoi, hot-rolled bars & rods in irregularly wound coils, w/cir. x-sect. diam. <14mm, w/less th/0.6 carbon, nesoi",Steel and Aluminum Products,9903.91.03,0.2500,2024-09-27,2024-21217
7213.99.00,72139900,"Iron/nonalloy steel, nesoi, hot-rolled bars & rods, w/cir. x-sect. diam 14+mm or non-circ. x-sect., in irregularly wound coils, nesoi",Steel and Aluminum Products,9903.91.03,0.2500,2024-09-27,2024-21217
7214.20.00,72142000,"Iron/nonalloy steel, concrete reinforcing bars and rods, not further worked than hot-rolled, hot-drawn or hot-extruded, n/coils",Steel and Aluminum Products,9903.91.03,0.2500,2024-09-27,2024-21217
7214.30.00,72143000,"Free-cutting steel, bars and rods, not further worked than hot-rolled, hot-drawn or hot-extruded, n/coils, nesoi",Steel and Aluminum Products,9903.91.03,0.2500,2024-09-27,2024-21217
7214.91.00,72149100,"Iron/nonalloy steel, bars and rods, not further worked than hot-rolled, hot-drawn or hot-extruded, w/rectangular (o/than square) X-section",Steel and Aluminum Products,9903.91.03,0.2500,2024-09-27,2024-21217
7214.99.00,72149900,"Iron/nonalloy steel, bars and rods, not further worked than hot-rolled, hot-drawn or hot-extruded, w/non-rectangular X-sect, not in coils",Steel and Aluminum Products,9903.91.03,0.2500,2024-09-27,2024-21217
7215.10.00,72151000,"Free-cutting steel, bars and rods, not further worked than cold-formed or cold-finished, not in coils",Steel and Aluminum Products,9903.91.03,0.2500,2024-09-27,2024-21217
7215.50.00,72155000,"Iron/nonalloy steel nesoi, bars and rods, not further wkd. than cold-formed or cold-finished, not in coils",Steel and Aluminum Products,9903.91.03,0.2500,2024-09-27,2024-21217
7215.90.10,72159010,"Iron/nonalloy steel, bars and rods, not cold-formed, plated or coated with metal",Steel and Aluminum Products,9903.91.03,0.2500,2024-09-27,2024-21217
7215.90.30,72159030,"Iron/nonalloy steel, bars and rods, cold-formed, plated or coated with metal",Steel and Aluminum Products,9903.91.03,0.2500,2024-09-27,2024-21217
7215.90.50,72159050,"Iron/nonalloy steel, bars and rods, further worked than cold-formed or cold-finished, nesoi",Steel and Aluminum Products,9903.91.03,0.2500,2024-09-27,2024-21217
7216.10.00,72161000,"Iron/nonalloy steel, U, I or H-sections, not further worked than hot-rolled, hot-drawn or extruded, w/height under 80 mm",Steel and Aluminum Products,9903.91.03,0.2500,2024-09-27,2024-21217
7216.21.00,72162100,"Iron/nonalloy steel, L-sections, not further worked than hot-rolled, hot-drawn or extruded, w/height under 80 mm",Steel and Aluminum Products,9903.91.03,0.2500,2024-09-27,2024-21217
7216.22.00,72162200,"Iron/nonalloy steel, T-sections, not further worked than hot-rolled, hot-drawn or extruded, w/height under 80 mm",Steel and Aluminum Products,9903.91.03,0.2500,2024-09-27,2024-21217
7216.31.00,72163100,"Iron/nonalloy steel, U-sections, not further worked than hot-rolled, hot-drawn or extruded, w/height of 80 mm or more",Steel and Aluminum Products,9903.91.03,0.2500,2024-09-27,2024-21217
7216.32.00,72163200,"Iron/nonalloy steel, I-sections (standard beams), not further worked than hot-rolled, hot-drawn or extruded, w/height 80 mm or more",Steel and Aluminum Products,9903.91.03,0.2500,2024-09-27,2024-21217
7216.33.00,72163300,"Iron/nonalloy steel, H-sections, not further worked than hot-rolled, hot-drawn or extruded, w/height 80 mm or more",Steel and Aluminum Products,9903.91.03,0.2500,2024-09-27,2024-21217
7216.40.00,72164000,"Iron/nonalloy steel, L or T-sections, not further worked than hot-rolled, hot-drawn or extruded, w/height 80 mm or more",Steel and Aluminum Products,9903.91.03,0.2500,2024-09-27,2024-21217
7216.50.00,72165000,"Iron/nonalloy steel, angles, shapes & sections nesoi, not further worked than hot-rolled, hot-drawn or extruded",Steel and Aluminum Products,9903.91.03,0.2500,2024-09-27,2024-21217
7216.99.00,72169900,"Iron/nonalloy steel, angles, shapes & sections nesoi, further wkd. than cold-formed or cold-finished and not from flat-rolled products",Steel and Aluminum Products,9903.91.03,0.2500,2024-09-27,2024-21217
7217.10.10,72171010,"Iron/nonalloy steel, flat wire, <0.25% carbon, not plated or coated, w/thick n/o 0.25 mm",Steel and Aluminum Products,9903.91.03,0.2500,2024-09-27,2024-21217
7217.10.20,72171020,"Iron/nonalloy steel, flat wire, <0.25% carbon, not plated or coated, w/thick o/0.25mm but n/o 1.25 mm",Steel and Aluminum Products,9903.91.03,0.2500,2024-09-27,2024-21217
7217.10.30,72171030,"Iron/nonalloy steel, flat wire, <0.25% carbon, not plated or coated, w/thick o/1.25 mm",Steel and Aluminum Products,9903.91.03,0.2500,2024-09-27,2024-21217
7217.10.50,72171050,"Iron/nonalloy steel, round wire, <0.25% carbon, not plated or coated, w/diameter of 1.5 mm or more",Steel and Aluminum Products,9903.91.03,0.2500,2024-09-27,2024-21217
7217.10.60,72171060,"Iron/nonalloy steel, wire (other than flat or round), <0.25% carbon, not plated or coated",Steel and Aluminum Products,9903.91.03,0.2500,2024-09-27,2024-21217
7217.10.70,72171070,"Iron/nonalloy steel, flat wire, w/0.25% or more carbon, not plated or coated",Steel and Aluminum Products,9903.91.03,0.2500,2024-09-27,2024-21217
7217.10.80,72171080,"Iron/nonalloy steel, round wire, w/0.25% or more carbon, not plated or coated",Steel and Aluminum Products,9903.91.03,0.2500,2024-09-27,2024-21217
7217.10.90,72171090,"Iron/nonalloy steel, wire (other than flat or round), w/0.25% or more of carbon, not plated or coated",Steel and Aluminum Products,9903.91.03,0.2500,2024-09-27,2024-21217
7217.20.15,72172015,"Iron/nonalloy steel, flat wire, plated or coated with zinc",Steel and Aluminum Products,9903.91.03,0.2500,2024-09-27,2024-21217
7217.20.30,72172030,"Iron/nonalloy steel, round wire, <0.25% carbon, plated or coated with zinc, w/diameter of 1.5 mm or more",Steel and Aluminum Products,9903.91.03,0.2500,2024-09-27,2024-21217
7217.20.45,72172045,"Iron/nonalloy steel, round wire, w/0.25% or more carbon and/or <1.5mm diam, plated or coated with zinc",Steel and Aluminum Products,9903.91.03,0.2500,2024-09-27,2024-21217
7217.20.60,72172060,"Iron/nonalloy steel, wire (other than flat or round), <0.25% carbon, plated or coated with zinc",Steel and Aluminum Products,9903.91.03,0.2500,2024-09-27,2024-21217
7217.20.75,72172075,"Iron/nonalloy steel, wire (other than flat or round), w/0.25% or more of carbon, plated or coated with zinc",Steel and Aluminum Products,9903.91.03,0.2500,2024-09-27,2024-21217
7217.30.15,72173015,"Iron/nonalloy steel, flat wire, plated or coated with base metal other than zinc",Steel and Aluminum Products,9903.91.03,0.2500,2024-09-27,2024-21217
7217.30.30,72173030,"Iron/nonalloy steel, round wire, <0.25% carbon, plated or coated with base metal other than zinc, w/diam. of 1.5 mm or more",Steel and Aluminum Products,9903.91.03,0.2500,2024-09-27,2024-21217
7217.30.60,72173060,"Iron/nonalloy steel, wire (other than flat or round), <0.25% carbon, plated or coated with base metal other than zinc",Steel and Aluminum Products,9903.91.03,0.2500,2024-09-27,2024-21217
7217.30.75,72173075,"Iron/nonalloy steel, wire (other than flat or round), w/0.25% or more of carbon, plated or coated with base metal other than zinc",Steel and Aluminum Products,9903.91.03,0.2500,2024-09-27,2024-21217
7217.90.10,72179010,"Iron/nonalloy steel, wire, coated with plastics",Steel and Aluminum Products,9903.91.03,0.2500,2024-09-27,2024-21217
7217.90.50,72179050,"Iron/nonalloy steel, wire, plated or coated with materials other than base metals or plastics",Steel and Aluminum Products,9903.91.03,0.2500,2024-09-27,2024-21217
7218.10.00,72181000,"Stainless steel, ingots and other primary forms",Steel and Aluminum Products,9903.91.03,0.2500,2024-09-27,2024-21217
7218.91.00,72189100,"Stainless steel, semifinished products of rectangular (other than square) cross-section",Steel and Aluminum Products,9903.91.03,0.2500,2024-09-27,2024-21217
7218.99.00,72189900,"Stainless steel, semifinished products, other than of rectangular (other than square) cross-section",Steel and Aluminum Products,9903.91.03,0.2500,2024-09-27,2024-21217
7219.11.00,72191100,"Stainless steel, width 600mm+, hot-rolled flat-rolled products, in coils, w/thickness o/10 mm",Steel and Aluminum Products,9903.91.03,0.2500,2024-09-27,2024-21217
7219.12.00,72191200,"Stainless steel, width 600mm+, hot-rolled flat-rolled products, in coils, w/thick. 4.75 mm or more but n/o 10 mm",Steel and Aluminum Products,9903.91.03,0.2500,2024-09-27,2024-21217
7219.13.00,72191300,"Stainless steel, width 600mm+, hot-rolled flat-rolled products, in coils, w/thick. 3 mm or more but less than 4.75 mm",Steel and Aluminum Products,9903.91.03,0.2500,2024-09-27,2024-21217
7219.14.00,72191400,"Stainless steel, width 600mm+, hot-rolled flat-rolled products, in coils, w/thickness less than 3 mm",Steel and Aluminum Products,9903.91.03,0.2500,2024-09-27,2024-21217
7219.21.00,72192100,"Stainless steel, width 600mm+, hot-rolled flat-rolled products, not in coils, w/thickness o/10 mm",Steel and Aluminum Products,9903.91.03,0.2500,2024-09-27,2024-21217
7219.22.00,72192200,"Stainless steel, width 600mm+, hot-rolled flat-rolled products, not in coils, w/thick. 4.75 mm or more but n/o 10 mm",Steel and Aluminum Products,9903.91.03,0.2500,2024-09-27,2024-21217
7219.23.00,72192300,"Stainless steel, width 600mm+, hot-rolled flat-rolled products, not in coils, w/thick. 3 mm or more but less than 4.75 mm",Steel and Aluminum Products,9903.91.03,0.2500,2024-09-27,2024-21217
7219.24.00,72192400,"Stainless steel, width 600mm+, hot-rolled flat-rolled products, not in coils, w/thickness less than 3 mm",Steel and Aluminum Products,9903.91.03,0.2500,2024-09-27,2024-21217
7219.31.00,72193100,"Stainless steel, width 600mm+, cold-rolled flat-rolled products, w/thickness of 4.75 mm or more",Steel and Aluminum Products,9903.91.03,0.2500,2024-09-27,2024-21217
7219.32.00,72193200,"Stainless steel, width 600mm+, cold-rolled flat-rolled products, w/thickness of 3 mm or more but less than 4.75 mm",Steel and Aluminum Products,9903.91.03,0.2500,2024-09-27,2024-21217
7219.33.00,72193300,"Stainless steel, width 600mm+, cold-rolled flat-rolled products, w/thickness o/1 mm but less than 3 mm",Steel and Aluminum Products,9903.91.03,0.2500,2024-09-27,2024-21217
7219.34.00,72193400,"Stainless steel, width 600mm+, cold-rolled flat-rolled products, w/thickness of 0.5 mm or more but n/o 1 mm",Steel and Aluminum Products,9903.91.03,0.2500,2024-09-27,2024-21217
7219.35.00,72193500,"Stainless steel, width 600mm+, cold-rolled flat-rolled products, w/thickness of less than 0.5 mm",Steel and Aluminum Products,9903.91.03,0.2500,2024-09-27,2024-21217
7219.90.00,72199000,"Stainless steel, width 600mm+, flat-rolled products, nesoi, further worked than cold-rolled",Steel and Aluminum Products,9903.91.03,0.2500,2024-09-27,2024-21217
7220.12.10,72201210,"Stainless steel, width 300m+ but less th/600mm, hot-rolled flat-rolled products, w/thickness of less than 4.75 mm",Steel and Aluminum Products,9903.91.03,0.2500,2024-09-27,2024-21217
7220.12.50,72201250,"Stainless steel, width less th/300mm, hot-rolled flat-rolled products, w/thickness of less than 4.75 mm",Steel and Aluminum Products,9903.91.03,0.2500,2024-09-27,2024-21217
7220.20.10,72202010,"Stainless steel, width 300+ but less th/600mm, cold-rolled flat-rolled products",Steel and Aluminum Products,9903.91.03,0.2500,2024-09-27,2024-21217
7220.20.60,72202060,"Stainless steel, width less th/300mm, cold-rolled flat-rolled products, w/thickness o/1.25 mm",Steel and Aluminum Products,9903.91.03,0.2500,2024-09-27,2024-21217
7220.20.70,72202070,"Stainless steel, width less th/300mm, cold-rolled flat-rolled products, w/thickness of 0.25 mm but n/o 1.25 mm",Steel and Aluminum Products,9903.91.03,0.2500,2024-09-27,2024-21217
7220.20.80,72202080,"Stainless razor blade steel, width less th/300mm, cold-rolled flat-rolled, w/thickness n/o 0.25 mm",Steel and Aluminum Products,9903.91.03,0.2500,2024-09-27,2024-21217
7220.90.00,72209000,"Stainless steel, width less th/600mm, flat-rolled products further worked than cold-rolled",Steel and Aluminum Products,9903.91.03,0.2500,2024-09-27,2024-21217
7221.00.00,72210000,"Stainless steel, bars and rods in irregularly wound coils, hot-rolled",Steel and Aluminum Products,9903.91.03,0.2500,2024-09-27,2024-21217
7222.11.00,72221100,"Stainless steel, bars and rods, hot-rolled, hot-drawn or extruded, of circular cross-section",Steel and Aluminum Products,9903.91.03,0.2500,2024-09-27,2024-21217
7222.19.00,72221900,"Stainless steel, bars and rods, hot-rolled, hot-drawn or extruded, other than of circular cross-section",Steel and Aluminum Products,9903.91.03,0.2500,2024-09-27,2024-21217
7222.20.00,72222000,"Stainless steel, bars and rods, not further worked than cold-formed or cold-finished, nesoi",Steel and Aluminum Products,9903.91.03,0.2500,2024-09-27,2024-21217
7222.30.00,72223000,"Stainless steel, bars and rods, further worked than cold-formed or cold-finished, nesoi",Steel and Aluminum Products,9903.91.03,0.2500,2024-09-27,2024-21217
7222.40.30,72224030,"Stainless steel, angles, shapes & sections, hot-rolled, not drilled/punched or otherwise advanced",Steel and Aluminum Products,9903.91.03,0.2500,2024-09-27,2024-21217
7222.40.60,72224060,"Stainless steel, angles, shapes & sections, other than hot-rolled and not drilled/punched or otherwise advanced",Steel and Aluminum Products,9903.91.03,0.2500,2024-09-27,2024-21217
7223.00.10,72230010,"Stainless steel, round wire",Steel and Aluminum Products,9903.91.03,0.2500,2024-09-27,2024-21217
7223.00.50,72230050,"Stainless steel, flat wire",Steel and Aluminum Products,9903.91.03,0.2500,2024-09-27,2024-21217
7223.00.90,72230090,"Stainless steel, wire (other than round or flat wire)",Steel and Aluminum Products,9903.91.03,0.2500,2024-09-27,2024-21217
7224.10.00,72241000,"Alloy (o/than stainless) steel, ingots and other primary forms",Steel and Aluminum Products,9903.91.03,0.2500,2024-09-27,2024-21217
7224.90.00,72249000,"Alloy (o/than stainless) steel, semifinished products",Steel and Aluminum Products,9903.91.03,0.2500,2024-09-27,2024-21217
7225.11.00,72251100,"Alloy silicon electrical steel (grain-oriented), width 600mm+, flat-rolled products",Steel and Aluminum Products,9903.91.03,0.2500,2024-09-27,2024-21217
7225.19.00,72251900,"Alloy silicon electrical steel (other than grain-oriented), width 600mm+, flat-rolled products",Steel and Aluminum Products,9903.91.03,0.2500,2024-09-27,2024-21217
7225.30.11,72253011,"Alloy tool steel, width 600mm+, hot-rolled flat-rolled products, in coils, w/thick. of 4.75 mm or more",Steel and Aluminum Products,9903.91.03,0.2500,2024-09-27,2024-21217
7225.30.30,72253030,"Alloy (o/th stainless, silicon elect., hi-speed, or tool) steel, width 600mm+, hot-rolled flat-rolled products, in coils, w/thick 4.75mm+",Steel and Aluminum Products,9903.91.03,0.2500,2024-09-27,2024-21217
7225.30.51,72253051,"Alloy tool steel, width 600mm+, hot-rolled flat-rolled products, in coils, w/thick. of less than 4.75 mm",Steel and Aluminum Products,9903.91.03,0.2500,2024-09-27,2024-21217
7225.30.70,72253070,"Alloy (o/th stainless, silicon elect., hi-speed, or tool) steel, width 600mm+, hot-rolled flat-rolled prod., in coils, w/thick less 4.75mm",Steel and Aluminum Products,9903.91.03,0.2500,2024-09-27,2024-21217
7225.40.11,72254011,"Alloy tool steel, width 600mm+, hot-rolled flat-rolled products, n/coils, w/thick. of 4.75 mm or more",Steel and Aluminum Products,9903.91.03,0.2500,2024-09-27,2024-21217
7225.40.30,72254030,"Alloy (o/th stainless, silicon elect., hi-speed, or tool) steel, width 600mm+, hot-rolled flat-rolled products, n/coils, w/thick 4.75mm+",Steel and Aluminum Products,9903.91.03,0.2500,2024-09-27,2024-21217
7225.40.51,72254051,"Alloy tool steel, width 600mm+, hot-rolled flat-rolled products, n/coils, w/thick. of less than 4.75 mm",Steel and Aluminum Products,9903.91.03,0.2500,2024-09-27,2024-21217
7225.40.70,72254070,"Alloy (o/th stainless, silicon elect., hi-speed, or tool) steel, width 600mm+, hot-rolled flat-rolled prod., n/coils, w/thick less 4.75mm",Steel and Aluminum Products,9903.91.03,0.2500,2024-09-27,2024-21217
7225.50.11,72255011,"Alloy tool steel, width 600mm+, cold-rolled flat-rolled products",Steel and Aluminum Products,9903.91.03,0.2500,2024-09-27,2024-21217
7225.50.60,72255060,"Alloy steel (o/than tool), width 600mm+, cold-rolled flat-rolled products, w/thickness 4.75 mm or more",Steel and Aluminum Products,9903.91.03,0.2500,2024-09-27,2024-21217
7225.50.70,72255070,"Alloy heat-resisting steel, width 600mm+, cold-rolled flat-rolled products, w/thickness less than 4.75 mm",Steel and Aluminum Products,9903.91.03,0.2500,2024-09-27,2024-21217
7225.50.80,72255080,"Alloy steel (o/th heat-resisting), width 600mm+, cold-rolled flat-rolled products, w/thickness less than 4.75 mm",Steel and Aluminum Products,9903.91.03,0.2500,2024-09-27,2024-21217
7225.91.00,72259100,"Alloy steel, width 600mm+, flat-rolled products further worked than cold-rolled, electrolytically plated or coated with zinc",Steel and Aluminum Products,9903.91.03,0.2500,2024-09-27,2024-21217
7225.92.00,72259200,"Alloy steel, width 600mm+, flat-rolled products further worked than cold-rolled, plated or coated with zinc (o/than electrolytically)",Steel and Aluminum Products,9903.91.03,0.2500,2024-09-27,2024-21217
7225.99.00,72259900,"Alloy steel, width 600mm+, flat-rolled products further worked than cold-rolled, nesoi",Steel and Aluminum Products,9903.91.03,0.2500,2024-09-27,2024-21217
7226.11.10,72261110,"Alloy silicon electrical steel (grain-oriented), width 300mm+ but less th/600mm, flat-rolled products",Steel and Aluminum Products,9903.91.03,0.2500,2024-09-27,2024-21217
7226.11.90,72261190,"Alloy silicon electrical steel (grain-oriented), width less th/300mm, flat-rolled products",Steel and Aluminum Products,9903.91.03,0.2500,2024-09-27,2024-21217
7226.19.10,72261910,"Alloy silicon electrical steel (o/than grain-oriented), width 300mm+ but less th/600mm, flat-rolled products",Steel and Aluminum Products,9903.91.03,0.2500,2024-09-27,2024-21217
7226.19.90,72261990,"Alloy silicon electrical steel (o/than grain-oriented), width less th/300mm, flat-rolled products",Steel and Aluminum Products,9903.91.03,0.2500,2024-09-27,2024-21217
7226.20.00,72262000,"Alloy high-speed steel, width less th/600mm, flat-rolled products of high-speed steel",Steel and Aluminum Products,9903.91.03,0.2500,2024-09-27,2024-21217
7226.91.05,72269105,"Alloy chipper knife tool steel (o/than hi-speed), width less th/600mm, hot-rolled flat-rolled products",Steel and Aluminum Products,9903.91.03,0.2500,2024-09-27,2024-21217
7226.91.15,72269115,"Alloy tool steel (o/than hi-speed/chipper knife), width 300mm+ but less th/600mm, hot-rolled flat-rolled products",Steel and Aluminum Products,9903.91.03,0.2500,2024-09-27,2024-21217
7226.91.25,72269125,"Alloy tool steel (o/than hi-speed/chipper knife), width less th/300mm, hot-rolled flat-rolled products",Steel and Aluminum Products,9903.91.03,0.2500,2024-09-27,2024-21217
7226.91.50,72269150,"Alloy steel (o/than silicon elect./tool), width less th/600mm, hot-rolled flat-rolled products, w/thickness of 4.75 mm or more",Steel and Aluminum Products,9903.91.03,0.2500,2024-09-27,2024-21217
7226.91.70,72269170,"Alloy steel (o/than silicon elect./tool), width 300mm+ but less th/600mm, hot-rolled flat-rolled products, w/thickness less than 4.75 mm",Steel and Aluminum Products,9903.91.03,0.2500,2024-09-27,2024-21217
7226.91.80,72269180,"Alloy steel (o/than silicon elect./tool), width less th/300mm, hot-rolled flat-rolled products, w/thickness less than 4.75 mm",Steel and Aluminum Products,9903.91.03,0.2500,2024-09-27,2024-21217
7226.92.10,72269210,"Alloy tool steel (o/than hi-speed), width 300mm+ but less th/600mm, cold-rolled flat-rolled products",Steel and Aluminum Products,9903.91.03,0.2500,2024-09-27,2024-21217
7226.92.30,72269230,"Alloy tool steel (o/than hi-speed), width less th/300mm, cold-rolled flat-rolled products",Steel and Aluminum Products,9903.91.03,0.2500,2024-09-27,2024-21217
7226.92.50,72269250,"Alloy steel (o/than tool), width 300mm+ but less th/600mm, cold-rolled flat-rolled products",Steel and Aluminum Products,9903.91.03,0.2500,2024-09-27,2024-21217
7226.92.70,72269270,"Alloy steel (o/than tool), width less th/300mm, cold-rolled flat-rolled products, w/thickness n/o 0.25 mm",Steel and Aluminum Products,9903.91.03,0.2500,2024-09-27,2024-21217
7226.92.80,72269280,"Alloy steel (o/than tool), width less th/300mm, cold-rolled flat-rolled products, w/thickness o/0.25 mm",Steel and Aluminum Products,9903.91.03,0.2500,2024-09-27,2024-21217
7226.99.01,72269901,"Alloy steel, width less than 600mm, flat-rolled products further worked than cold-rolled, nesoi",Steel and Aluminum Products,9903.91.03,0.2500,2024-09-27,2024-21217
7227.10.00,72271000,"Alloy high-speed steel, bars and rods in irregularly wound coils, hot-rolled",Steel and Aluminum Products,9903.91.03,0.2500,2024-09-27,2024-21217
7227.20.00,72272000,"Alloy silico-manganese steel, bars and rods in irregularly wound coils, hot-rolled",Steel and Aluminum Products,9903.91.03,0.2500,2024-09-27,2024-21217
7227.90.10,72279010,"Alloy tool steel (o/than hi-speed), bars & rods in irregular wound coils, hot-rolled, n/tempered, treated or partly manufactured",Steel and Aluminum Products,9903.91.03,0.2500,2024-09-27,2024-21217
7227.90.20,72279020,"Alloy tool steel (o/than hi-speed), bars and rods in irregularly wound coils, hot-rolled, nesoi",Steel and Aluminum Products,9903.91.03,0.2500,2024-09-27,2024-21217
7227.90.60,72279060,"Alloy steel (o/than hi-speed/silico-mang./tool) steel, bars and rods in irregularly wound coils, hot-rolled",Steel and Aluminum Products,9903.91.03,0.2500,2024-09-27,2024-21217
7228.20.10,72282010,"Alloy silico-manganese steel, bars and rods, not cold-formed, o/than hot-rolled and in irregularly wound coils",Steel and Aluminum Products,9903.91.03,0.2500,2024-09-27,2024-21217
7228.20.50,72282050,"Alloy silico-manganese steel, bars and rods, cold formed, o/than hot-rolled and in irregularly wound coils",Steel and Aluminum Products,9903.91.03,0.2500,2024-09-27,2024-21217
7228.30.40,72283040,"Alloy chipper knife tool steel, bars and rods, not cold-formed & not further worked than hot-rolled, hot-drawn or extruded",Steel and Aluminum Products,9903.91.03,0.2500,2024-09-27,2024-21217
7228.30.60,72283060,"Alloy tool steel (o/than ball-bearing/chipper knife), bars and rods, not further worked than hot-rolled, hot-drawn or extruded",Steel and Aluminum Products,9903.91.03,0.2500,2024-09-27,2024-21217
7228.30.80,72283080,"Alloy steel (o/than hi-speed, silico-mang./tool), bars and rods, not further worked than hot-rolled, hot-drawn or extruded",Steel and Aluminum Products,9903.91.03,0.2500,2024-09-27,2024-21217
7228.40.00,72284000,"Alloy steel, bars and rods, not further worked than forged",Steel and Aluminum Products,9903.91.03,0.2500,2024-09-27,2024-21217
7228.50.10,72285010,"Alloy tool steel (o/than hi-speed), bars and rods, not further worked than cold-formed or cold-finished",Steel and Aluminum Products,9903.91.03,0.2500,2024-09-27,2024-21217
7228.50.50,72285050,"Alloy steel (o/than tool), bars and rods, not further worked than cold-formed or cold-finished",Steel and Aluminum Products,9903.91.03,0.2500,2024-09-27,2024-21217
7228.60.10,72286010,"Alloy tool steel (o/than hi-speed), bars and rods, further worked than hot-rolled, forged, cold-formed or cold-finished",Steel and Aluminum Products,9903.91.03,0.2500,2024-09-27,2024-21217
7228.60.60,72286060,"Alloy steel (o/than tool), bars and rods, further worked than hot-rolled, forged but not cold-formed",Steel and Aluminum Products,9903.91.03,0.2500,2024-09-27,2024-21217
7228.60.80,72286080,"Alloy steel (o/than tool), bars and rods, cold-formed",Steel and Aluminum Products,9903.91.03,0.2500,2024-09-27,2024-21217
7228.70.30,72287030,"Alloy steel, angles, shapes and sections, hot-rolled & not drilled/not punched and not otherwise advanced",Steel and Aluminum Products,9903.91.03,0.2500,2024-09-27,2024-21217
7228.70.60,72287060,"Alloy steel, angles, shapes and sections, o/than hot-rolled & not drilled/punced and not otherwise advanced",Steel and Aluminum Products,9903.91.03,0.2500,2024-09-27,2024-21217
7229.20.00,72292000,"Alloy silico-manganese steel, wire",Steel and Aluminum Products,9903.91.03,0.2500,2024-09-27,2024-21217
7229.90.10,72299010,"Alloy steel (o/than hi-speed/silico-mang.), flat wire",Steel and Aluminum Products,9903.91.03,0.2500,2024-09-27,2024-21217
7229.90.50,72299050,"Alloy steel (o/than hi-speed/silico-mang.), round wire",Steel and Aluminum Products,9903.91.03,0.2500,2024-09-27,2024-21217
7229.90.90,72299090,"Alloy steel (o/than hi-speed/silico-mang.), wire (o/than flat or round wire)",Steel and Aluminum Products,9903.91.03,0.2500,2024-09-27,2024-21217
7301.10.00,73011000,"Iron or steel sheet piling, whether or not drilled, punched or made from assembled elements",Steel and Aluminum Products,9903.91.03,0.2500,2024-09-27,2024-21217
7302.10.10,73021010,"Iron or nonalloy steel, rails for railway or tramway tracks",Steel and Aluminum Products,9903.91.03,0.2500,2024-09-27,2024-21217
7302.10.50,73021050,"Alloy steel, rails for railway or tramway tracks",Steel and Aluminum Products,9903.91.03,0.2500,2024-09-27,2024-21217
7302.40.00,73024000,"Iron or steel, fish plates and sole plates for jointing or fixing rails",Steel and Aluminum Products,9903.91.03,0.2500,2024-09-27,2024-21217
7302.90.10,73029010,Sleepers (cross-ties) for railway or tramway track construction of iron or steel,Steel and Aluminum Products,9903.91.03,0.2500,2024-09-27,2024-21217
7302.90.90,73029090,"Railway or tramway track construction material and other materials specialized for jointing or fixing rails, of iron or steel, nesoi",Steel and Aluminum Products,9903.91.03,0.2500,2024-09-27,2024-21217
7304.11.00,73041100,"Stainless steel, seamless line pipe used for oil or gas pipelines",Steel and Aluminum Products,9903.91.03,0.2500,2024-09-27,2024-21217
7304.19.10,73041910,"Iron (o/than cast) or nonalloy steel, seamless line pipe used for oil and gas pipelines",Steel and Aluminum Products,9903.91.03,0.2500,2024-09-27,2024-21217
7304.19.50,73041950,"Alloy (other than stainless) steel, seamless line pipe used for oil or gas pipelines",Steel and Aluminum Products,9903.91.03,0.2500,2024-09-27,2024-21217
7304.22.00,73042200,"Stainless steel, seamless drill pipe, of a kind used in drilling for oil or gas",Steel and Aluminum Products,9903.91.03,0.2500,2024-09-27,2024-21217
7304.23.30,73042330,"Iron (o/than cast) or nonalloy steel, seamless drill pipe, of a kind used in drilling for oil or gas",Steel and Aluminum Products,9903.91.03,0.2500,2024-09-27,2024-21217
7304.23.60,73042360,"Alloy (other than stainless) steel, seamless drill pipe, of a kind used in drilling for oil or gas",Steel and Aluminum Products,9903.91.03,0.2500,2024-09-27,2024-21217
7304.24.30,73042430,"Stainless steel, seamless casing pipe, threaded or coupled, of a kind used in drilling for oil or gas",Steel and Aluminum Products,9903.91.03,0.2500,2024-09-27,2024-21217
7304.24.40,73042440,"Stainless steel, seamless casing pipe, not threaded or coupled, of a kind used in drilling for oil or gas",Steel and Aluminum Products,9903.91.03,0.2500,2024-09-27,2024-21217
7304.24.60,73042460,"Stainless steel, seamless tubing, of a kind used in drilling for oil or gas",Steel and Aluminum Products,9903.91.03,0.2500,2024-09-27,2024-21217
7304.29.10,73042910,"Iron (o/than cast) or nonalloy steel, seamless casing pipe, threaded or coupled, of a kind used in drilling for oil or gas",Steel and Aluminum Products,9903.91.03,0.2500,2024-09-27,2024-21217
7304.29.20,73042920,"Iron (o/than cast) or nonalloy steel, seamless casing pipe, not threaded or coupled, of a kind used in drilling for oil or gas",Steel and Aluminum Products,9903.91.03,0.2500,2024-09-27,2024-21217
7304.29.31,73042931,"Alloy (other than stainless) steel, seamless casing pipe, threaded or coupled, of a kind used in drilling for oil or gas",Steel and Aluminum Products,9903.91.03,0.2500,2024-09-27,2024-21217
7304.29.41,73042941,"Alloy (other than stainless) steel, seamless casing pipe, not threaded or coupled, of a kind used in drilling for oil or gas",Steel and Aluminum Products,9903.91.03,0.2500,2024-09-27,2024-21217
7304.29.50,73042950,"Iron (o/than cast) or nonalloy, seamless tubing, of a kind used in drilling for oil or gas",Steel and Aluminum Products,9903.91.03,0.2500,2024-09-27,2024-21217
7304.29.61,73042961,"Alloy (other than stainless) steel, seamless tubing, of a kind used in drilling for oil or gas",Steel and Aluminum Products,9903.91.03,0.2500,2024-09-27,2024-21217
7304.31.30,73043130,"Iron (o/than cast) or nonalloy steel, seamless, cold-drawn or cold-rolled, hollow bars w/circular cross section",Steel and Aluminum Products,9903.91.03,0.2500,2024-09-27,2024-21217
7304.31.60,73043160,"Iron (o/than cast) or nonalloy steel, seamless, cold-drawn or cold-rolled, tubes, pipes & hollow profiles, w/circular cross section, nesoi",Steel and Aluminum Products,9903.91.03,0.2500,2024-09-27,2024-21217
7304.39.00,73043900,"Iron (o/than cast) or nonalloy steel, seamless, not cold-drawn or cold-rolled, tubes, pipes and hollow prof., w/circular cross sect., nesoi",Steel and Aluminum Products,9903.91.03,0.2500,2024-09-27,2024-21217
7304.49.00,73044900,"Stainless steel, seamless, not cold-drawn/cold-rolled, tubes, pipes and hollow profiles, w/circular cross section",Steel and Aluminum Products,9903.91.03,0.2500,2024-09-27,2024-21217
7304.51.10,73045110,"Alloy steel (o/than stainless), seamless, cold-drawn/cold-rolled, tubes, pipes, etc., w/circ. cross sect., for mfr of ball/roller bearings",Steel and Aluminum Products,9903.91.03,0.2500,2024-09-27,2024-21217
7304.51.50,73045150,"Alloy steel (o/than stainless), seamless, cold-drawn/cold-rolled, tubes, pipes and hollow profiles, w/circular cross section, nesoi",Steel and Aluminum Products,9903.91.03,0.2500,2024-09-27,2024-21217
7304.59.10,73045910,"Alloy steel (o/than stainless), seamless, n/cold-drawn/cold-rolled, tubes, pipes, etc. w/circ. cross sect., for mfr ball/roller bearings",Steel and Aluminum Products,9903.91.03,0.2500,2024-09-27,2024-21217
7304.59.20,73045920,"Alloy steel (o/than stainless), seamless, n/cold-drawn/cold-rolled, tubes, pipes, etc. w/circ. cross sect., for boilers, heaters, etc",Steel and Aluminum Products,9903.91.03,0.2500,2024-09-27,2024-21217
7304.59.60,73045960,"Heat-resisting alloy steel (o/than stainless), seamless, n/cold-drawn/cold-rolled, tubes, pipes, etc., w/circ. cross sect., nesoi",Steel and Aluminum Products,9903.91.03,0.2500,2024-09-27,2024-21217
7304.59.80,73045980,"Alloy steel (o/than heat-resist or stainless), seamless, n/cold-drawn/cold-rolled, tubes, pipes and hollow prof., w/circ. cross sect., nesoi",Steel and Aluminum Products,9903.91.03,0.2500,2024-09-27,2024-21217
7304.90.10,73049010,"Iron (o/than cast) or nonalloy steel, seamless, tubes, pipes and hollow profiles, o/than circ. cross sect., w/wall thickness of 4 mm or more",Steel and Aluminum Products,9903.91.03,0.2500,2024-09-27,2024-21217
7304.90.70,73049070,"Alloy steel (o/than stainless), seamless, tubes, pipes and hollow profiles, o/than circ. cross sect., w/wall thickness less than 4 mm",Steel and Aluminum Products,9903.91.03,0.2500,2024-09-27,2024-21217
7305.11.10,73051110,"Iron or nonalloy steel, seamed, w/circ. cross sect. & ext. diam o/406.4mm, line pipe, long. submerg. arc weld., used for oil/gas",Steel and Aluminum Products,9903.91.03,0.2500,2024-09-27,2024-21217
7305.11.50,73051150,"Alloy steel, seamed, circ. w/cross sect. & ext. diam o/406.4mm, line pipe, long. submerg. arc weld., used for oil/gas pipelines",Steel and Aluminum Products,9903.91.03,0.2500,2024-09-27,2024-21217
7305.12.10,73051210,"Iron or nonalloy steel, seamed, w/circ. cross sect. & ext. diam o/406.4mm, line pipe, long. welded nesoi, used for oil/gas",Steel and Aluminum Products,9903.91.03,0.2500,2024-09-27,2024-21217
7305.12.50,73051250,"Alloy steel, seamed, w/circ. cross sect. & ext. diam o/406.4mm, line pipe, long. welded nesoi, used for oil/gas pipelines",Steel and Aluminum Products,9903.91.03,0.2500,2024-09-27,2024-21217
7305.19.10,73051910,"Iron or nonalloy steel, seamed, w/circ. cross sect.& ext. diam o/406.4mm, line pipe, not long. welded, used for oil/gas",Steel and Aluminum Products,9903.91.03,0.2500,2024-09-27,2024-21217
7305.19.50,73051950,"Alloy steel, seamed, w/circ. cross sect. & ext. diam o/406.4mm, line pipe, not long. welded, used for oil/gas pipelines",Steel and Aluminum Products,9903.91.03,0.2500,2024-09-27,2024-21217
7305.20.20,73052020,"Iron or nonalloy steel, seamed, w/circ. cross sect. & ext. diam. o/406.4mm, casing pipe, threaded/coupled, of kind for drilling for oil/gas",Steel and Aluminum Products,9903.91.03,0.2500,2024-09-27,2024-21217
7305.20.40,73052040,"Iron or nonalloy steel, seamed, w/circ. cross sect. & ext. diam. o/406.4mm, casing pipe, n/threaded/coupled, of kind for drill. for oil/gas",Steel and Aluminum Products,9903.91.03,0.2500,2024-09-27,2024-21217
7305.20.60,73052060,"Alloy steel, seamed, w/circ. cross sect. & ext. diam. o/406.4mm, casing pipe, threaded/coupled, of kind for drilling for oil/gas",Steel and Aluminum Products,9903.91.03,0.2500,2024-09-27,2024-21217
7305.20.80,73052080,"Alloy steel, seamed, w/circ. cross sect. & ext. diam. o/406.4mm, casing pipe, n/threaded/coupled, of kind for drilling for oil/gas",Steel and Aluminum Products,9903.91.03,0.2500,2024-09-27,2024-21217
7305.31.20,73053120,"Steel, long. welded, w/circ. cross sect & ext. diam o/406.4mm, tapered pipes and tubes principally used as pts of illuminating arts",Steel and Aluminum Products,9903.91.03,0.2500,2024-09-27,2024-21217
7305.31.40,73053140,"Iron or nonalloy steel, long. welded, w/circ. cross sect. & ext. diam. o/406.4mm, tubes and pipes, o/th used in oil/gas drill.etc",Steel and Aluminum Products,9903.91.03,0.2500,2024-09-27,2024-21217
7305.31.60,73053160,"Alloy steel, long. welded, w/circ. cross sect. & ext. diam. o/406.4mm, tubes and pipes, o/than used in oil/gas drill. or pipelines",Steel and Aluminum Products,9903.91.03,0.2500,2024-09-27,2024-21217
7305.39.10,73053910,"Iron or nonalloy steel, weld. o/than long. weld., w/circ. x-sect. & ext. diam. o/406.4mm, tubes and pipes, o/th used in oil/gas drill.etc",Steel and Aluminum Products,9903.91.03,0.2500,2024-09-27,2024-21217
7305.39.50,73053950,"Alloy steel, weld. o/than long. weld., w/circ. x-sect. & ext. diam. o/406.4mm, tubes and pipes, o/than used in oil/gas drill. or pipelines",Steel and Aluminum Products,9903.91.03,0.2500,2024-09-27,2024-21217
7305.90.10,73059010,"Iron or nonalloy steel, seamed, w/circ. cross sect. & ext. diam. o/406.4mm, not welded, tubes and pipes, o/th used in oil/gas drill.etc",Steel and Aluminum Products,9903.91.03,0.2500,2024-09-27,2024-21217
7305.90.50,73059050,"Alloy steel, seamed, w/circ. cross sect. & ext. diam. o/406.4mm, not welded, tubes and pipes, o/than used in oil/gas drill. or pipelines",Steel and Aluminum Products,9903.91.03,0.2500,2024-09-27,2024-21217
7306.11.00,73061100,"Welded stainless steel, w/ext. diam 406.4mm or less or o/than circ. x-sect, line pipe of a kind used for oil and gas pipelines",Steel and Aluminum Products,9903.91.03,0.2500,2024-09-27,2024-21217
7306.19.10,73061910,"Iron or nonalloy steel, seamed, w/ext. diam. 406.4mm or less or o/than circ. x-sect, line pipe of a kind used for oil and gas pipelines",Steel and Aluminum Products,9903.91.03,0.2500,2024-09-27,2024-21217
7306.19.51,73061951,"Alloy steel, seamed (o/than welded stainless steel), w/ext. diam 406.4mm or less or o/than circ. x-sect, line pipe of a kind used for oil an",Steel and Aluminum Products,9903.91.03,0.2500,2024-09-27,2024-21217
7306.21.30,73062130,"Welded stainless steel, w/ext. diam 406.4mm or less or o/than circ. x-sect, threaded/coupled, casing of kind used in drilling for oil/gas",Steel and Aluminum Products,9903.91.03,0.2500,2024-09-27,2024-21217
7306.21.40,73062140,"Welded stainless steel, w/ext. diam 406.4mm or less or o/than circ. x-sect, n/threaded/coupled, casing of kind used in drilling for oil/gas",Steel and Aluminum Products,9903.91.03,0.2500,2024-09-27,2024-21217
7306.21.80,73062180,"Welded stainless steel, w/ext. diam 406.4mm or less or o/than circ. x-sect, tubing of a kind used for drilling for oil/gas",Steel and Aluminum Products,9903.91.03,0.2500,2024-09-27,2024-21217
7306.29.10,73062910,"Iron or nonalloy steel, seamed, w/ext. diam 406.4mm or less or o/than circ. x-sect, threaded/coupled, casing of kind used in drill. oil/gas",Steel and Aluminum Products,9903.91.03,0.2500,2024-09-27,2024-21217
7306.29.20,73062920,"Iron or nonalloy steel, seamed, w/ext. diam 406.4mm or less or o/than circ. x-sect, n/threaded/coupled, casing kind used drill for oil/gas",Steel and Aluminum Products,9903.91.03,0.2500,2024-09-27,2024-21217
7306.29.31,73062931,"Alloy steel, seamed (o/than welded stainless steel), w/ext. diam 406.4mm or less or o/than circ. x-sect, threaded/coupled, casing of kind us",Steel and Aluminum Products,9903.91.03,0.2500,2024-09-27,2024-21217
7306.29.41,73062941,"Alloy steel, seamed (o/than welded stainless steel), w/ext. diam 406.4mm or less or o/than circ. x-sect, n/threaded/coupled, casing of kind",Steel and Aluminum Products,9903.91.03,0.2500,2024-09-27,2024-21217
7306.29.60,73062960,"Iron or nonalloy steel, seamed, w/ext. diam. 406.4mm or less or o/than circ. x-sect, tubing of a kind used for drilling for oil/gas",Steel and Aluminum Products,9903.91.03,0.2500,2024-09-27,2024-21217
7306.29.81,73062981,"Alloy steel, seamed (o/than welded stainless steel), w/ext. diam 406.4mm or less or o/than circ. x-sect, tubing of a kind used for drilling",Steel and Aluminum Products,9903.91.03,0.2500,2024-09-27,2024-21217
7306.30.10,73063010,"Iron or nonalloy steel, welded, w/circ. x-sect & ext. diam. 406.4mm or less, tubes, pipes, hollow profiles, w/wall thick. less than 1.65 mm",Steel and Aluminum Products,9903.91.03,0.2500,2024-09-27,2024-21217
7306.30.30,73063030,"Nonalloy steel, welded, w/circ. x-sect & ext. diam. 406.4mm or less, tapered pipes & tubes, w/wall thick. of 1.65 mm+, pts. of illum. arts.",Steel and Aluminum Products,9903.91.03,0.2500,2024-09-27,2024-21217
7306.30.50,73063050,"Iron or nonalloy steel, welded, w/circ. x-sect & ext. diam. 406.4mm or less, pipes, tubes & holl. prof., w/wall thick. of 1.65 mm or more",Steel and Aluminum Products,9903.91.03,0.2500,2024-09-27,2024-21217
7306.40.10,73064010,"Stainless steel, welded, w/circ. x-sect & ext. diam. 406.4mm or less, tubes, pipes, hollow profiles, w/wall thick. less than 1.65 mm",Steel and Aluminum Products,9903.91.03,0.2500,2024-09-27,2024-21217
7306.40.50,73064050,"Stainless steel, welded, w/circ. x-sect & ext. diam. 406.4mm or less, tubes, pipes, hollow profiles, w/wall thick. of 1.65 mm or more",Steel and Aluminum Products,9903.91.03,0.2500,2024-09-27,2024-21217
7306.50.10,73065010,"Alloy steel (o/stainless), welded, w/circ. x-sect & ext. diam. 406.4mm or less, tubes, pipes, hollow prof., w/wall thick. less th/1.65 mm",Steel and Aluminum Products,9903.91.03,0.2500,2024-09-27,2024-21217
7306.50.30,73065030,"Alloy steel (o/stainless), welded, w/circ. x-sect & ext. diam. 406.4mm or less, tapered pipes & tubes, w/wall thick. of 1.65 mm+, pts. illum",Steel and Aluminum Products,9903.91.03,0.2500,2024-09-27,2024-21217
7306.50.50,73065050,"Alloy steel (o/stainless), welded, w/circ. x-sect & ext. diam. 406.4mm or less, tubes, pipes, hollow prof., w/wall thick. of 1.65 mm+",Steel and Aluminum Products,9903.91.03,0.2500,2024-09-27,2024-21217
7306.61.10,73066110,"Iron or nonalloy steel, welded, w/square or rectangular x-sect, tubes, pipes and hollow profiles, w/wall thickness of 4 mm or more",Steel and Aluminum Products,9903.91.03,0.2500,2024-09-27,2024-21217
7306.61.30,73066130,"Alloy steel, welded, w/square or rectangular x-sect, tubes, pipes and hollow profiles, w/wall thickness of 4 mm or more",Steel and Aluminum Products,9903.91.03,0.2500,2024-09-27,2024-21217
7306.61.50,73066150,"Iron or nonalloy steel, welded, w/square or rectangular x-sect, tubes, pipes and hollow profiles, w/wall thickness less than 4 mm",Steel and Aluminum Products,9903.91.03,0.2500,2024-09-27,2024-21217
7306.61.70,73066170,"Alloy steel, welded, w/square or rectangular x-sect, tubes, pipes and hollow profiles, w/wall thickness less than 4 mm",Steel and Aluminum Products,9903.91.03,0.2500,2024-09-27,2024-21217
7306.69.10,73066910,"Iron or nonalloy steel, welded, w/other non-circ. x-sect, tubes, pipes and hollow profiles, w/wall thickness of 4 mm or more",Steel and Aluminum Products,9903.91.03,0.2500,2024-09-27,2024-21217
7306.69.30,73066930,"Alloy steel, welded, w/other non-circ. x-sect, tubes, pipes and hollow profiles, w/wall thickness of 4 mm or more",Steel and Aluminum Products,9903.91.03,0.2500,2024-09-27,2024-21217
7306.69.70,73066970,"Alloy steel, welded, w/other non-circ. x-sect, tubes, pipes and hollow profiles, w/wall thickness less than 4 mm",Steel and Aluminum Products,9903.91.03,0.2500,2024-09-27,2024-21217
7306.90.10,73069010,"Iron or nonalloy steel, seamed o/welded, w/non-circ. x-sect. or circ. x-sect. w/ext. diam. 406.4mm or less, tubes, pipes & hollow profiles",Steel and Aluminum Products,9903.91.03,0.2500,2024-09-27,2024-21217
7306.90.50,73069050,"Alloy steel, seamed o/than welded, w/non-circ. x-sect or circ. x-sect w/ext. diam. 406.4mm or less, tubes, pipes and hollow profiles",Steel and Aluminum Products,9903.91.03,0.2500,2024-09-27,2024-21217
7601.10.30,76011030,"Aluminum (o/than alloy), unwrought, in coils, w/uniform x-section throughout length & w/least cross-sectional dimension n/o 9.5 mm",Steel and Aluminum Products,9903.91.03,0.2500,2024-09-27,2024-21217
7601.10.60,76011060,"Aluminum (o/than alloy), unwrought nesoi",Steel and Aluminum Products,9903.91.03,0.2500,2024-09-27,2024-21217
7601.20.30,76012030,"Aluminum alloys, unwrought, in coils, w/uniform x-section throughout length & w/least cross-sectional dimension n/o 9.5 mm",Steel and Aluminum Products,9903.91.03,0.2500,2024-09-27,2024-21217
7601.20.60,76012060,"Aluminum alloys, w/25 or more by weight of silicon, unwrought nesoi",Steel and Aluminum Products,9903.91.03,0.2500,2024-09-27,2024-21217
7601.20.90,76012090,"Aluminum alloys nesoi, unwrought nesoi",Steel and Aluminum Products,9903.91.03,0.2500,2024-09-27,2024-21217
7604.10.10,76041010,"Aluminum (o/than alloy), profiles",Steel and Aluminum Products,9903.91.03,0.2500,2024-09-27,2024-21217
7604.10.30,76041030,"Aluminum (o/than alloy), bar and rods, with a round cross section",Steel and Aluminum Products,9903.91.03,0.2500,2024-09-27,2024-21217
7604.10.50,76041050,"Aluminum (o/than alloy), bar and rods, other than with a round cross section",Steel and Aluminum Products,9903.91.03,0.2500,2024-09-27,2024-21217
7604.21.00,76042100,"Aluminum alloy, hollow profiles",Steel and Aluminum Products,9903.91.03,0.2500,2024-09-27,2024-21217
7604.29.10,76042910,"Aluminum alloy, profiles (o/than hollow profiles)",Steel and Aluminum Products,9903.91.03,0.2500,2024-09-27,2024-21217
7604.29.30,76042930,"Aluminum alloy, bars and rods, having a round cross section",Steel and Aluminum Products,9903.91.03,0.2500,2024-09-27,2024-21217
7604.29.50,76042950,"Aluminum alloy, bars and rods, other than with a round cross section",Steel and Aluminum Products,9903.91.03,0.2500,2024-09-27,2024-21217
7605.11.00,76051100,"Aluminum (o/than alloy), wire, with a maximum cross-sectional dimension over 7 mm",Steel and Aluminum Products,9903.91.03,0.2500,2024-09-27,2024-21217
7605.19.00,76051900,"Aluminum (o/than alloy), wire, with a maximum cross-sectional dimension of 7 mm or less",Steel and Aluminum Products,9903.91.03,0.2500,2024-09-27,2024-21217
7605.21.00,76052100,"Aluminum alloy, wire, with a maximum cross-sectional dimension over 7 mm",Steel and Aluminum Products,9903.91.03,0.2500,2024-09-27,2024-21217
7605.29.00,76052900,"Aluminum alloy, wire, with a maximum cross-sectional dimension of 7 mm or less",Steel and Aluminum Products,9903.91.03,0.2500,2024-09-27,2024-21217
7606.11.30,76061130,"Aluminum (o/than alloy), plates/sheets/strip, w/thick. o/0.2mm, rectangular (incl. sq), not clad",Steel and Aluminum Products,9903.91.03,0.2500,2024-09-27,2024-21217
7606.11.60,76061160,"Aluminum (o/than alloy), plates/sheets/strip, w/thick. o/0.2mm, rectangular (incl. sq), clad",Steel and Aluminum Products,9903.91.03,0.2500,2024-09-27,2024-21217
7606.12.30,76061230,"Aluminum alloy, plates/sheets/strip, w/thick. o/0.2mm, rectangular (incl. sq), not clad",Steel and Aluminum Products,9903.91.03,0.2500,2024-09-27,2024-21217
7606.12.60,76061260,"Aluminum alloy, plates/sheets/strip, w/thick. o/0.2mm, rectangular (incl. sq), clad",Steel and Aluminum Products,9903.91.03,0.2500,2024-09-27,2024-21217
7606.91.30,76069130,"Aluminum (o/than alloy), plates/sheets/strip, w/thick. o/0.2mm, o/than rectangular (incl. sq), not clad",Steel and Aluminum Products,9903.91.03,0.2500,2024-09-27,2024-21217
7606.91.60,76069160,"Aluminum (o/than alloy), plates/sheets/strip, w/thick. o/0.2mm, o/than rectangular (incl. sq), clad",Steel and Aluminum Products,9903.91.03,0.2500,2024-09-27,2024-21217
7606.92.30,76069230,"Aluminum alloy, plates/sheets/st rip, w/thick. o/0.2mm, o/than rectangular (incl. sq), not clad",Steel and Aluminum Products,9903.91.03,0.2500,2024-09-27,2024-21217
7606.92.60,76069260,"Aluminum alloy, plates/sheets/strip, w/thick. o/0.2mm, o/than rectangular (incl. sq), clad",Steel and Aluminum Products,9903.91.03,0.2500,2024-09-27,2024-21217
7607.11.30,76071130,"Aluminum, foil, w/thickness n/o 0.01 mm, rolled but not further worked, not backed",Steel and Aluminum Products,9903.91.03,0.2500,2024-09-27,2024-21217
7607.11.60,76071160,"Aluminum, foil, w/thickness over 0.01 mm but n/o 0.15 mm, rolled but not further worked, not backed",Steel and Aluminum Products,9903.91.03,0.2500,2024-09-27,2024-21217
7607.11.90,76071190,"Aluminum, foil, w/thickness over 0.15 mm but n/o 0.2 mm, rolled but not further worked, not backed",Steel and Aluminum Products,9903.91.03,0.2500,2024-09-27,2024-21217
7607.19.60,76071960,"Aluminum, foil nesoi, w/thickness o/0.15mm but n/o 0.2 mm or 0.15mm or less & not cut to shape, not rolled, not backed, nesoi",Steel and Aluminum Products,9903.91.03,0.2500,2024-09-27,2024-21217
7607.20.10,76072010,"Aluminum, foil, w/thickness n/o 0.2 mm, backed, covered or decorated with a character, design, fancy effect or pattern",Steel and Aluminum Products,9903.91.03,0.2500,2024-09-27,2024-21217
7608.10.00,76081000,"Aluminum (o/than alloy), tubes and pipes",Steel and Aluminum Products,9903.91.03,0.2500,2024-09-27,2024-21217
7608.20.00,76082000,"Aluminum alloy, tubes and pipes",Steel and Aluminum Products,9903.91.03,0.2500,2024-09-27,2024-21217
7609.00.00,76090000,"Aluminum, fittings for tubes and pipes",Steel and Aluminum Products,9903.91.03,0.2500,2024-09-27,2024-21217
9018.31.00,90183100,"Syringes, with or without their needles; parts and accessories thereof; except enteral syringes provided for in heading 9903.91.10, entered before January 1, 2026 (described in statistical reporting n",Syringes and Needles,9903.91.02,1.0000,2024-09-27,2024-21217
9018.32.00,90183200,"Tubular metal needles and needles for sutures, used in medical, surgical, dental or veterinary sciences, and parts and accessories thereof",Syringes and Needles,9903.91.02,1.0000,2024-09-27,2024-21217
3818.00.00,38180000,"Chemical elements doped for use in electronics, wafers",Semiconductors,9903.91.02,0.5000,2025-01-01,USTR-2024-Dec-Wafers
